[
    {
        "model": "band.bandindexpage",
        "pk": 5,
        "fields": {
            "intro": "<p data-block-key=\"v8lml\">band</p>"
        }
    },
    {
        "model": "band.bandindexpage",
        "pk": 6,
        "fields": {
            "intro": "<p data-block-key=\"v8lml\">band</p>"
        }
    },
    {
        "model": "music.musicindexpage",
        "pk": 7,
        "fields": {
            "intro": "<p data-block-key=\"xej77\">music</p>"
        }
    },
    {
        "model": "music.musicindexpage",
        "pk": 8,
        "fields": {
            "intro": "<p data-block-key=\"xej77\">music</p>"
        }
    },
    {
        "model": "tour.tourindexpage",
        "pk": 13,
        "fields": {
            "intro": "<p data-block-key=\"ix5yf\">tour</p>"
        }
    },
    {
        "model": "tour.tourindexpage",
        "pk": 14,
        "fields": {
            "intro": "<p data-block-key=\"ix5yf\">演出スケジュール</p>"
        }
    },
    {
        "model": "news.newsindexpage",
        "pk": 9,
        "fields": {
            "intro": "<p data-block-key=\"u3mq5\">news</p>"
        }
    },
    {
        "model": "news.newsindexpage",
        "pk": 10,
        "fields": {
            "intro": "<p data-block-key=\"u3mq5\">news</p>"
        }
    },
    {
        "model": "shop.shopindexpage",
        "pk": 11,
        "fields": {
            "intro": "<p data-block-key=\"1jwap\">coming soon</p>"
        }
    },
    {
        "model": "shop.shopindexpage",
        "pk": 12,
        "fields": {
            "intro": "<p data-block-key=\"1jwap\">準備中</p>"
        }
    },
    {
        "model": "home.homepage",
        "pk": 3,
        "fields": {
            "intro": "<p data-block-key=\"66bjx\">Official website of Murasaki</p>"
        }
    },
    {
        "model": "home.homepage",
        "pk": 4,
        "fields": {
            "intro": "MURASAKI（紫）のオフィシャルサイト"
        }
    },
    {
        "model": "wagtail_localize.translatableobject",
        "pk": "07b78670-1bec-4919-a518-a0681ebf9ff5",
        "fields": {
            "content_type": 1
        }
    },
    {
        "model": "wagtail_localize.translatableobject",
        "pk": "2933e6f2-588a-4526-a337-a893269f89ac",
        "fields": {
            "content_type": 1
        }
    },
    {
        "model": "wagtail_localize.translatableobject",
        "pk": "3a495721-7778-4ed3-bb35-0be2eda43675",
        "fields": {
            "content_type": 1
        }
    },
    {
        "model": "wagtail_localize.translatableobject",
        "pk": "7f168548-18fd-499e-91e0-9ac4d3720277",
        "fields": {
            "content_type": 1
        }
    },
    {
        "model": "wagtail_localize.translatableobject",
        "pk": "9e0fb1b3-9744-4b1e-88fe-6a05c9d4837c",
        "fields": {
            "content_type": 1
        }
    },
    {
        "model": "wagtail_localize.translatableobject",
        "pk": "f0406575-d7af-4dc1-86eb-4160c6266a57",
        "fields": {
            "content_type": 1
        }
    },
    {
        "model": "wagtail_localize.translationsource",
        "pk": 1,
        "fields": {
            "object": "3a495721-7778-4ed3-bb35-0be2eda43675",
            "specific_content_type": 31,
            "locale": 1,
            "object_repr": "Tour",
            "content_json": "{\"pk\": 13, \"path\": \"000100010005\", \"depth\": 3, \"numchild\": 0, \"translation_key\": \"3a495721-7778-4ed3-bb35-0be2eda43675\", \"locale\": 1, \"latest_revision\": 5, \"live\": true, \"has_unpublished_changes\": false, \"first_published_at\": \"2023-12-21T08:18:21.016Z\", \"last_published_at\": \"2023-12-21T08:18:21.016Z\", \"live_revision\": 5, \"go_live_at\": null, \"expire_at\": null, \"expired\": false, \"locked\": false, \"locked_at\": null, \"locked_by\": null, \"title\": \"Tour\", \"draft_title\": \"Tour\", \"slug\": \"tour\", \"content_type\": 31, \"url_path\": \"/home/tour/\", \"owner\": 1, \"seo_title\": \"\", \"show_in_menus\": false, \"search_description\": \"\", \"latest_revision_created_at\": \"2023-12-21T08:18:20.995Z\", \"alias_of\": null, \"intro\": \"<p data-block-key=\\\"ix5yf\\\">tour</p>\", \"wagtail_admin_comments\": []}",
            "schema_version": "0001_initial",
            "created_at": "2023-12-21T08:19:14.362Z",
            "last_updated_at": "2023-12-21T08:19:14.361Z"
        }
    },
    {
        "model": "wagtail_localize.translationsource",
        "pk": 2,
        "fields": {
            "object": "7f168548-18fd-499e-91e0-9ac4d3720277",
            "specific_content_type": 3,
            "locale": 1,
            "object_repr": "Home",
            "content_json": "{\"pk\": 3, \"path\": \"00010001\", \"depth\": 2, \"numchild\": 5, \"translation_key\": \"7f168548-18fd-499e-91e0-9ac4d3720277\", \"locale\": 1, \"latest_revision\": null, \"live\": true, \"has_unpublished_changes\": false, \"first_published_at\": null, \"last_published_at\": null, \"live_revision\": null, \"go_live_at\": null, \"expire_at\": null, \"expired\": false, \"locked\": false, \"locked_at\": null, \"locked_by\": null, \"title\": \"Home\", \"draft_title\": \"Home\", \"slug\": \"home\", \"content_type\": 3, \"url_path\": \"/home/\", \"owner\": null, \"seo_title\": \"\", \"show_in_menus\": false, \"search_description\": \"\", \"latest_revision_created_at\": null, \"alias_of\": null, \"intro\": \"\", \"wagtail_admin_comments\": []}",
            "schema_version": "0003_homepage_intro",
            "created_at": "2023-12-21T08:19:35.631Z",
            "last_updated_at": "2023-12-21T08:19:35.630Z"
        }
    },
    {
        "model": "wagtail_localize.translationsource",
        "pk": 3,
        "fields": {
            "object": "f0406575-d7af-4dc1-86eb-4160c6266a57",
            "specific_content_type": 29,
            "locale": 1,
            "object_repr": "Band",
            "content_json": "{\"pk\": 5, \"path\": \"000100010001\", \"depth\": 3, \"numchild\": 0, \"translation_key\": \"f0406575-d7af-4dc1-86eb-4160c6266a57\", \"locale\": 1, \"latest_revision\": 1, \"live\": true, \"has_unpublished_changes\": false, \"first_published_at\": \"2023-12-21T08:17:21.776Z\", \"last_published_at\": \"2023-12-21T08:17:21.776Z\", \"live_revision\": 1, \"go_live_at\": null, \"expire_at\": null, \"expired\": false, \"locked\": false, \"locked_at\": null, \"locked_by\": null, \"title\": \"Band\", \"draft_title\": \"Band\", \"slug\": \"band\", \"content_type\": 29, \"url_path\": \"/home/band/\", \"owner\": 1, \"seo_title\": \"\", \"show_in_menus\": false, \"search_description\": \"\", \"latest_revision_created_at\": \"2023-12-21T08:17:21.753Z\", \"alias_of\": null, \"intro\": \"<p data-block-key=\\\"v8lml\\\">band</p>\", \"wagtail_admin_comments\": []}",
            "schema_version": "0001_initial",
            "created_at": "2023-12-21T08:19:35.724Z",
            "last_updated_at": "2023-12-21T08:19:35.723Z"
        }
    },
    {
        "model": "wagtail_localize.translationsource",
        "pk": 4,
        "fields": {
            "object": "2933e6f2-588a-4526-a337-a893269f89ac",
            "specific_content_type": 30,
            "locale": 1,
            "object_repr": "Music",
            "content_json": "{\"pk\": 7, \"path\": \"000100010002\", \"depth\": 3, \"numchild\": 0, \"translation_key\": \"2933e6f2-588a-4526-a337-a893269f89ac\", \"locale\": 1, \"latest_revision\": 2, \"live\": true, \"has_unpublished_changes\": false, \"first_published_at\": \"2023-12-21T08:17:36.087Z\", \"last_published_at\": \"2023-12-21T08:17:36.087Z\", \"live_revision\": 2, \"go_live_at\": null, \"expire_at\": null, \"expired\": false, \"locked\": false, \"locked_at\": null, \"locked_by\": null, \"title\": \"Music\", \"draft_title\": \"Music\", \"slug\": \"music\", \"content_type\": 30, \"url_path\": \"/home/music/\", \"owner\": 1, \"seo_title\": \"\", \"show_in_menus\": false, \"search_description\": \"\", \"latest_revision_created_at\": \"2023-12-21T08:17:36.064Z\", \"alias_of\": null, \"intro\": \"<p data-block-key=\\\"xej77\\\">music</p>\", \"wagtail_admin_comments\": []}",
            "schema_version": "0001_initial",
            "created_at": "2023-12-21T08:19:35.828Z",
            "last_updated_at": "2023-12-21T08:19:35.827Z"
        }
    },
    {
        "model": "wagtail_localize.translationsource",
        "pk": 5,
        "fields": {
            "object": "07b78670-1bec-4919-a518-a0681ebf9ff5",
            "specific_content_type": 32,
            "locale": 1,
            "object_repr": "News",
            "content_json": "{\"pk\": 9, \"path\": \"000100010003\", \"depth\": 3, \"numchild\": 0, \"translation_key\": \"07b78670-1bec-4919-a518-a0681ebf9ff5\", \"locale\": 1, \"latest_revision\": 3, \"live\": true, \"has_unpublished_changes\": false, \"first_published_at\": \"2023-12-21T08:17:51.045Z\", \"last_published_at\": \"2023-12-21T08:17:51.045Z\", \"live_revision\": 3, \"go_live_at\": null, \"expire_at\": null, \"expired\": false, \"locked\": false, \"locked_at\": null, \"locked_by\": null, \"title\": \"News\", \"draft_title\": \"News\", \"slug\": \"news\", \"content_type\": 32, \"url_path\": \"/home/news/\", \"owner\": 1, \"seo_title\": \"\", \"show_in_menus\": false, \"search_description\": \"\", \"latest_revision_created_at\": \"2023-12-21T08:17:51.023Z\", \"alias_of\": null, \"intro\": \"<p data-block-key=\\\"u3mq5\\\">news</p>\", \"wagtail_admin_comments\": []}",
            "schema_version": "0001_initial",
            "created_at": "2023-12-21T08:19:35.931Z",
            "last_updated_at": "2023-12-21T08:19:35.930Z"
        }
    },
    {
        "model": "wagtail_localize.translationsource",
        "pk": 6,
        "fields": {
            "object": "9e0fb1b3-9744-4b1e-88fe-6a05c9d4837c",
            "specific_content_type": 33,
            "locale": 1,
            "object_repr": "Shop",
            "content_json": "{\"pk\": 11, \"path\": \"000100010004\", \"depth\": 3, \"numchild\": 0, \"translation_key\": \"9e0fb1b3-9744-4b1e-88fe-6a05c9d4837c\", \"locale\": 1, \"latest_revision\": 4, \"live\": true, \"has_unpublished_changes\": false, \"first_published_at\": \"2023-12-21T08:18:08.815Z\", \"last_published_at\": \"2023-12-21T08:18:08.815Z\", \"live_revision\": 4, \"go_live_at\": null, \"expire_at\": null, \"expired\": false, \"locked\": false, \"locked_at\": null, \"locked_by\": null, \"title\": \"Shop\", \"draft_title\": \"Shop\", \"slug\": \"shop\", \"content_type\": 33, \"url_path\": \"/home/shop/\", \"owner\": 1, \"seo_title\": \"\", \"show_in_menus\": false, \"search_description\": \"\", \"latest_revision_created_at\": \"2023-12-21T08:18:08.794Z\", \"alias_of\": null, \"intro\": \"<p data-block-key=\\\"1jwap\\\">coming soon</p>\", \"wagtail_admin_comments\": []}",
            "schema_version": "0001_initial",
            "created_at": "2023-12-21T08:19:36.037Z",
            "last_updated_at": "2023-12-21T08:19:36.035Z"
        }
    },
    {
        "model": "wagtail_localize.translation",
        "pk": 1,
        "fields": {
            "uuid": "28db056e-5440-422f-8c24-2b3ac194f9ca",
            "source": 1,
            "target_locale": 2,
            "created_at": "2023-12-21T08:19:14.397Z",
            "translations_last_updated_at": null,
            "destination_last_updated_at": null,
            "enabled": true
        }
    },
    {
        "model": "wagtail_localize.translation",
        "pk": 2,
        "fields": {
            "uuid": "49e4ed32-9636-47ea-a928-4579a5bd91aa",
            "source": 2,
            "target_locale": 2,
            "created_at": "2023-12-21T08:19:35.650Z",
            "translations_last_updated_at": null,
            "destination_last_updated_at": null,
            "enabled": true
        }
    },
    {
        "model": "wagtail_localize.translation",
        "pk": 3,
        "fields": {
            "uuid": "f768bb0e-7103-4d6c-8742-df96381217a6",
            "source": 3,
            "target_locale": 2,
            "created_at": "2023-12-21T08:19:35.754Z",
            "translations_last_updated_at": null,
            "destination_last_updated_at": null,
            "enabled": true
        }
    },
    {
        "model": "wagtail_localize.translation",
        "pk": 4,
        "fields": {
            "uuid": "c368418f-df63-43a5-b96a-9b5edd5e6c5c",
            "source": 4,
            "target_locale": 2,
            "created_at": "2023-12-21T08:19:35.858Z",
            "translations_last_updated_at": null,
            "destination_last_updated_at": null,
            "enabled": true
        }
    },
    {
        "model": "wagtail_localize.translation",
        "pk": 5,
        "fields": {
            "uuid": "1bb52197-de5b-4df9-ac3a-7b13e6644ac4",
            "source": 5,
            "target_locale": 2,
            "created_at": "2023-12-21T08:19:35.962Z",
            "translations_last_updated_at": null,
            "destination_last_updated_at": null,
            "enabled": true
        }
    },
    {
        "model": "wagtail_localize.translation",
        "pk": 6,
        "fields": {
            "uuid": "32c6cb5e-7072-454c-ab7e-b4afc3df1d3e",
            "source": 6,
            "target_locale": 2,
            "created_at": "2023-12-21T08:19:36.066Z",
            "translations_last_updated_at": null,
            "destination_last_updated_at": null,
            "enabled": true
        }
    },
    {
        "model": "wagtail_localize.translationlog",
        "pk": 1,
        "fields": {
            "source": 1,
            "locale": 2,
            "created_at": "2023-12-21T08:19:14.460Z",
            "page_revision": 7
        }
    },
    {
        "model": "wagtail_localize.translationlog",
        "pk": 2,
        "fields": {
            "source": 1,
            "locale": 2,
            "created_at": "2023-12-21T08:19:18.314Z",
            "page_revision": 8
        }
    },
    {
        "model": "wagtail_localize.translationlog",
        "pk": 3,
        "fields": {
            "source": 2,
            "locale": 2,
            "created_at": "2023-12-21T08:19:35.715Z",
            "page_revision": 10
        }
    },
    {
        "model": "wagtail_localize.translationlog",
        "pk": 4,
        "fields": {
            "source": 3,
            "locale": 2,
            "created_at": "2023-12-21T08:19:35.822Z",
            "page_revision": 12
        }
    },
    {
        "model": "wagtail_localize.translationlog",
        "pk": 5,
        "fields": {
            "source": 4,
            "locale": 2,
            "created_at": "2023-12-21T08:19:35.925Z",
            "page_revision": 14
        }
    },
    {
        "model": "wagtail_localize.translationlog",
        "pk": 6,
        "fields": {
            "source": 5,
            "locale": 2,
            "created_at": "2023-12-21T08:19:36.031Z",
            "page_revision": 16
        }
    },
    {
        "model": "wagtail_localize.translationlog",
        "pk": 7,
        "fields": {
            "source": 6,
            "locale": 2,
            "created_at": "2023-12-21T08:19:36.128Z",
            "page_revision": 18
        }
    },
    {
        "model": "wagtail_localize.translationlog",
        "pk": 8,
        "fields": {
            "source": 1,
            "locale": 2,
            "created_at": "2023-12-21T08:19:36.179Z",
            "page_revision": 19
        }
    },
    {
        "model": "wagtail_localize.translationlog",
        "pk": 9,
        "fields": {
            "source": 2,
            "locale": 2,
            "created_at": "2023-12-21T08:19:47.706Z",
            "page_revision": 20
        }
    },
    {
        "model": "wagtail_localize.translationlog",
        "pk": 10,
        "fields": {
            "source": 6,
            "locale": 2,
            "created_at": "2023-12-21T08:20:21.681Z",
            "page_revision": 21
        }
    },
    {
        "model": "wagtail_localize.translationlog",
        "pk": 11,
        "fields": {
            "source": 1,
            "locale": 2,
            "created_at": "2023-12-21T08:21:06.221Z",
            "page_revision": 22
        }
    },
    {
        "model": "wagtail_localize.string",
        "pk": 1,
        "fields": {
            "locale": 1,
            "data_hash": "f48ef103-dd03-52e3-a4e8-c80058741b05",
            "data": "Tour"
        }
    },
    {
        "model": "wagtail_localize.string",
        "pk": 2,
        "fields": {
            "locale": 1,
            "data_hash": "dd321416-83c6-57bf-8a3b-fc4837d94420",
            "data": "tour"
        }
    },
    {
        "model": "wagtail_localize.string",
        "pk": 3,
        "fields": {
            "locale": 1,
            "data_hash": "781f49ed-a476-5cd3-8602-e6c19c9958e3",
            "data": "Home"
        }
    },
    {
        "model": "wagtail_localize.string",
        "pk": 4,
        "fields": {
            "locale": 1,
            "data_hash": "d6b6148d-7628-5c7b-b603-7ed96dfcb5a4",
            "data": "home"
        }
    },
    {
        "model": "wagtail_localize.string",
        "pk": 5,
        "fields": {
            "locale": 1,
            "data_hash": "56d9e03d-8ba7-59e7-a285-06110b2fd4d0",
            "data": "Band"
        }
    },
    {
        "model": "wagtail_localize.string",
        "pk": 6,
        "fields": {
            "locale": 1,
            "data_hash": "4dbd6129-9c5b-5326-81fb-c4d1cb055887",
            "data": "band"
        }
    },
    {
        "model": "wagtail_localize.string",
        "pk": 7,
        "fields": {
            "locale": 1,
            "data_hash": "357b5eb3-f23f-5f7a-b201-da79a92cbe75",
            "data": "Music"
        }
    },
    {
        "model": "wagtail_localize.string",
        "pk": 8,
        "fields": {
            "locale": 1,
            "data_hash": "7cc27b89-746d-54b2-a85f-33a6b3acf2b9",
            "data": "music"
        }
    },
    {
        "model": "wagtail_localize.string",
        "pk": 9,
        "fields": {
            "locale": 1,
            "data_hash": "61def5e7-8b55-52bf-814c-e7334cd0b6e1",
            "data": "News"
        }
    },
    {
        "model": "wagtail_localize.string",
        "pk": 10,
        "fields": {
            "locale": 1,
            "data_hash": "0a09f617-b605-527d-9e84-a08c5bc768c8",
            "data": "news"
        }
    },
    {
        "model": "wagtail_localize.string",
        "pk": 11,
        "fields": {
            "locale": 1,
            "data_hash": "957f0a6b-2f6c-5faf-8c0d-a53143829a8f",
            "data": "Shop"
        }
    },
    {
        "model": "wagtail_localize.string",
        "pk": 12,
        "fields": {
            "locale": 1,
            "data_hash": "c46b7941-ea34-5ddd-a958-88eb049d4552",
            "data": "shop"
        }
    },
    {
        "model": "wagtail_localize.string",
        "pk": 13,
        "fields": {
            "locale": 1,
            "data_hash": "2cbfec9c-f302-5b76-a985-48ce507dea32",
            "data": "coming soon"
        }
    },
    {
        "model": "wagtail_localize.translationcontext",
        "pk": 1,
        "fields": {
            "object": "3a495721-7778-4ed3-bb35-0be2eda43675",
            "path_id": "f749566c-8a06-5c72-89b8-682e4e49f74f",
            "path": "title",
            "field_path": "title"
        }
    },
    {
        "model": "wagtail_localize.translationcontext",
        "pk": 2,
        "fields": {
            "object": "3a495721-7778-4ed3-bb35-0be2eda43675",
            "path_id": "d71ad27b-d7c2-5061-865d-752015b09e05",
            "path": "slug",
            "field_path": "slug"
        }
    },
    {
        "model": "wagtail_localize.translationcontext",
        "pk": 3,
        "fields": {
            "object": "3a495721-7778-4ed3-bb35-0be2eda43675",
            "path_id": "0f5f9e8e-f7a0-5477-879f-22272b6b55d4",
            "path": "intro",
            "field_path": "intro"
        }
    },
    {
        "model": "wagtail_localize.translationcontext",
        "pk": 4,
        "fields": {
            "object": "7f168548-18fd-499e-91e0-9ac4d3720277",
            "path_id": "f749566c-8a06-5c72-89b8-682e4e49f74f",
            "path": "title",
            "field_path": "title"
        }
    },
    {
        "model": "wagtail_localize.translationcontext",
        "pk": 5,
        "fields": {
            "object": "7f168548-18fd-499e-91e0-9ac4d3720277",
            "path_id": "d71ad27b-d7c2-5061-865d-752015b09e05",
            "path": "slug",
            "field_path": "slug"
        }
    },
    {
        "model": "wagtail_localize.translationcontext",
        "pk": 6,
        "fields": {
            "object": "f0406575-d7af-4dc1-86eb-4160c6266a57",
            "path_id": "f749566c-8a06-5c72-89b8-682e4e49f74f",
            "path": "title",
            "field_path": "title"
        }
    },
    {
        "model": "wagtail_localize.translationcontext",
        "pk": 7,
        "fields": {
            "object": "f0406575-d7af-4dc1-86eb-4160c6266a57",
            "path_id": "d71ad27b-d7c2-5061-865d-752015b09e05",
            "path": "slug",
            "field_path": "slug"
        }
    },
    {
        "model": "wagtail_localize.translationcontext",
        "pk": 8,
        "fields": {
            "object": "f0406575-d7af-4dc1-86eb-4160c6266a57",
            "path_id": "0f5f9e8e-f7a0-5477-879f-22272b6b55d4",
            "path": "intro",
            "field_path": "intro"
        }
    },
    {
        "model": "wagtail_localize.translationcontext",
        "pk": 9,
        "fields": {
            "object": "2933e6f2-588a-4526-a337-a893269f89ac",
            "path_id": "f749566c-8a06-5c72-89b8-682e4e49f74f",
            "path": "title",
            "field_path": "title"
        }
    },
    {
        "model": "wagtail_localize.translationcontext",
        "pk": 10,
        "fields": {
            "object": "2933e6f2-588a-4526-a337-a893269f89ac",
            "path_id": "d71ad27b-d7c2-5061-865d-752015b09e05",
            "path": "slug",
            "field_path": "slug"
        }
    },
    {
        "model": "wagtail_localize.translationcontext",
        "pk": 11,
        "fields": {
            "object": "2933e6f2-588a-4526-a337-a893269f89ac",
            "path_id": "0f5f9e8e-f7a0-5477-879f-22272b6b55d4",
            "path": "intro",
            "field_path": "intro"
        }
    },
    {
        "model": "wagtail_localize.translationcontext",
        "pk": 12,
        "fields": {
            "object": "07b78670-1bec-4919-a518-a0681ebf9ff5",
            "path_id": "f749566c-8a06-5c72-89b8-682e4e49f74f",
            "path": "title",
            "field_path": "title"
        }
    },
    {
        "model": "wagtail_localize.translationcontext",
        "pk": 13,
        "fields": {
            "object": "07b78670-1bec-4919-a518-a0681ebf9ff5",
            "path_id": "d71ad27b-d7c2-5061-865d-752015b09e05",
            "path": "slug",
            "field_path": "slug"
        }
    },
    {
        "model": "wagtail_localize.translationcontext",
        "pk": 14,
        "fields": {
            "object": "07b78670-1bec-4919-a518-a0681ebf9ff5",
            "path_id": "0f5f9e8e-f7a0-5477-879f-22272b6b55d4",
            "path": "intro",
            "field_path": "intro"
        }
    },
    {
        "model": "wagtail_localize.translationcontext",
        "pk": 15,
        "fields": {
            "object": "9e0fb1b3-9744-4b1e-88fe-6a05c9d4837c",
            "path_id": "f749566c-8a06-5c72-89b8-682e4e49f74f",
            "path": "title",
            "field_path": "title"
        }
    },
    {
        "model": "wagtail_localize.translationcontext",
        "pk": 16,
        "fields": {
            "object": "9e0fb1b3-9744-4b1e-88fe-6a05c9d4837c",
            "path_id": "d71ad27b-d7c2-5061-865d-752015b09e05",
            "path": "slug",
            "field_path": "slug"
        }
    },
    {
        "model": "wagtail_localize.translationcontext",
        "pk": 17,
        "fields": {
            "object": "9e0fb1b3-9744-4b1e-88fe-6a05c9d4837c",
            "path_id": "0f5f9e8e-f7a0-5477-879f-22272b6b55d4",
            "path": "intro",
            "field_path": "intro"
        }
    },
    {
        "model": "wagtail_localize.stringtranslation",
        "pk": 1,
        "fields": {
            "translation_of": 3,
            "locale": 2,
            "context": 4,
            "data": "Home",
            "translation_type": "manual",
            "tool_name": "",
            "last_translated_by": 1,
            "created_at": "2023-12-21T08:19:45.680Z",
            "updated_at": "2023-12-21T08:19:45.680Z",
            "has_error": false,
            "field_error": ""
        }
    },
    {
        "model": "wagtail_localize.stringtranslation",
        "pk": 2,
        "fields": {
            "translation_of": 11,
            "locale": 2,
            "context": 15,
            "data": "Shop",
            "translation_type": "manual",
            "tool_name": "",
            "last_translated_by": 1,
            "created_at": "2023-12-21T08:20:13.376Z",
            "updated_at": "2023-12-21T08:20:13.376Z",
            "has_error": false,
            "field_error": ""
        }
    },
    {
        "model": "wagtail_localize.stringtranslation",
        "pk": 3,
        "fields": {
            "translation_of": 13,
            "locale": 2,
            "context": 17,
            "data": "準備中",
            "translation_type": "manual",
            "tool_name": "",
            "last_translated_by": 1,
            "created_at": "2023-12-21T08:20:18.413Z",
            "updated_at": "2023-12-21T08:20:18.413Z",
            "has_error": false,
            "field_error": ""
        }
    },
    {
        "model": "wagtail_localize.stringtranslation",
        "pk": 4,
        "fields": {
            "translation_of": 1,
            "locale": 2,
            "context": 1,
            "data": "Tour",
            "translation_type": "manual",
            "tool_name": "",
            "last_translated_by": 1,
            "created_at": "2023-12-21T08:20:48.092Z",
            "updated_at": "2023-12-21T08:20:48.092Z",
            "has_error": false,
            "field_error": ""
        }
    },
    {
        "model": "wagtail_localize.stringtranslation",
        "pk": 5,
        "fields": {
            "translation_of": 2,
            "locale": 2,
            "context": 3,
            "data": "演出スケジュール",
            "translation_type": "manual",
            "tool_name": "",
            "last_translated_by": 1,
            "created_at": "2023-12-21T08:20:56.018Z",
            "updated_at": "2023-12-21T08:21:04.545Z",
            "has_error": false,
            "field_error": ""
        }
    },
    {
        "model": "wagtail_localize.template",
        "pk": 1,
        "fields": {
            "uuid": "124ab7ff-5a15-5a82-b143-4a300b3aadd0",
            "template": "<p data-block-key=\"ix5yf\"><text position=\"0\"></text></p>",
            "template_format": "html",
            "string_count": 1
        }
    },
    {
        "model": "wagtail_localize.template",
        "pk": 2,
        "fields": {
            "uuid": "7313c116-0291-56df-a128-af5815dcf7e9",
            "template": "<p data-block-key=\"v8lml\"><text position=\"0\"></text></p>",
            "template_format": "html",
            "string_count": 1
        }
    },
    {
        "model": "wagtail_localize.template",
        "pk": 3,
        "fields": {
            "uuid": "0d0f510a-b38f-5bc4-b725-0390cc046224",
            "template": "<p data-block-key=\"xej77\"><text position=\"0\"></text></p>",
            "template_format": "html",
            "string_count": 1
        }
    },
    {
        "model": "wagtail_localize.template",
        "pk": 4,
        "fields": {
            "uuid": "54572938-1a43-52cd-92a0-2b3c70c4e75f",
            "template": "<p data-block-key=\"u3mq5\"><text position=\"0\"></text></p>",
            "template_format": "html",
            "string_count": 1
        }
    },
    {
        "model": "wagtail_localize.template",
        "pk": 5,
        "fields": {
            "uuid": "a9a35ab3-b414-527a-8436-241ea8a925c9",
            "template": "<p data-block-key=\"1jwap\"><text position=\"0\"></text></p>",
            "template_format": "html",
            "string_count": 1
        }
    },
    {
        "model": "wagtail_localize.stringsegment",
        "pk": 1,
        "fields": {
            "source": 1,
            "context": 1,
            "order": 1,
            "string": 1,
            "attrs": "null"
        }
    },
    {
        "model": "wagtail_localize.stringsegment",
        "pk": 2,
        "fields": {
            "source": 1,
            "context": 2,
            "order": 2,
            "string": 2,
            "attrs": "null"
        }
    },
    {
        "model": "wagtail_localize.stringsegment",
        "pk": 3,
        "fields": {
            "source": 1,
            "context": 3,
            "order": 4,
            "string": 2,
            "attrs": "null"
        }
    },
    {
        "model": "wagtail_localize.stringsegment",
        "pk": 4,
        "fields": {
            "source": 2,
            "context": 4,
            "order": 1,
            "string": 3,
            "attrs": "null"
        }
    },
    {
        "model": "wagtail_localize.stringsegment",
        "pk": 5,
        "fields": {
            "source": 2,
            "context": 5,
            "order": 2,
            "string": 4,
            "attrs": "null"
        }
    },
    {
        "model": "wagtail_localize.stringsegment",
        "pk": 6,
        "fields": {
            "source": 3,
            "context": 6,
            "order": 1,
            "string": 5,
            "attrs": "null"
        }
    },
    {
        "model": "wagtail_localize.stringsegment",
        "pk": 7,
        "fields": {
            "source": 3,
            "context": 7,
            "order": 2,
            "string": 6,
            "attrs": "null"
        }
    },
    {
        "model": "wagtail_localize.stringsegment",
        "pk": 8,
        "fields": {
            "source": 3,
            "context": 8,
            "order": 4,
            "string": 6,
            "attrs": "null"
        }
    },
    {
        "model": "wagtail_localize.stringsegment",
        "pk": 9,
        "fields": {
            "source": 4,
            "context": 9,
            "order": 1,
            "string": 7,
            "attrs": "null"
        }
    },
    {
        "model": "wagtail_localize.stringsegment",
        "pk": 10,
        "fields": {
            "source": 4,
            "context": 10,
            "order": 2,
            "string": 8,
            "attrs": "null"
        }
    },
    {
        "model": "wagtail_localize.stringsegment",
        "pk": 11,
        "fields": {
            "source": 4,
            "context": 11,
            "order": 4,
            "string": 8,
            "attrs": "null"
        }
    },
    {
        "model": "wagtail_localize.stringsegment",
        "pk": 12,
        "fields": {
            "source": 5,
            "context": 12,
            "order": 1,
            "string": 9,
            "attrs": "null"
        }
    },
    {
        "model": "wagtail_localize.stringsegment",
        "pk": 13,
        "fields": {
            "source": 5,
            "context": 13,
            "order": 2,
            "string": 10,
            "attrs": "null"
        }
    },
    {
        "model": "wagtail_localize.stringsegment",
        "pk": 14,
        "fields": {
            "source": 5,
            "context": 14,
            "order": 4,
            "string": 10,
            "attrs": "null"
        }
    },
    {
        "model": "wagtail_localize.stringsegment",
        "pk": 15,
        "fields": {
            "source": 6,
            "context": 15,
            "order": 1,
            "string": 11,
            "attrs": "null"
        }
    },
    {
        "model": "wagtail_localize.stringsegment",
        "pk": 16,
        "fields": {
            "source": 6,
            "context": 16,
            "order": 2,
            "string": 12,
            "attrs": "null"
        }
    },
    {
        "model": "wagtail_localize.stringsegment",
        "pk": 17,
        "fields": {
            "source": 6,
            "context": 17,
            "order": 4,
            "string": 13,
            "attrs": "null"
        }
    },
    {
        "model": "wagtail_localize.templatesegment",
        "pk": 1,
        "fields": {
            "source": 1,
            "context": 3,
            "order": 3,
            "template": 1
        }
    },
    {
        "model": "wagtail_localize.templatesegment",
        "pk": 2,
        "fields": {
            "source": 3,
            "context": 8,
            "order": 3,
            "template": 2
        }
    },
    {
        "model": "wagtail_localize.templatesegment",
        "pk": 3,
        "fields": {
            "source": 4,
            "context": 11,
            "order": 3,
            "template": 3
        }
    },
    {
        "model": "wagtail_localize.templatesegment",
        "pk": 4,
        "fields": {
            "source": 5,
            "context": 14,
            "order": 3,
            "template": 4
        }
    },
    {
        "model": "wagtail_localize.templatesegment",
        "pk": 5,
        "fields": {
            "source": 6,
            "context": 17,
            "order": 3,
            "template": 5
        }
    },
    {
        "model": "wagtail_localize.localesynchronization",
        "pk": 1,
        "fields": {
            "locale": 2,
            "sync_from": 1
        }
    },
    {
        "model": "wagtailsearch.sqliteftsindexentry",
        "pk": 1,
        "fields": {
            "autocomplete": "Home",
            "title": "Home",
            "body": ""
        }
    },
    {
        "model": "wagtailsearch.sqliteftsindexentry",
        "pk": 2,
        "fields": {
            "autocomplete": "Band",
            "title": "Band",
            "body": ""
        }
    },
    {
        "model": "wagtailsearch.sqliteftsindexentry",
        "pk": 3,
        "fields": {
            "autocomplete": "Band",
            "title": "Band",
            "body": ""
        }
    },
    {
        "model": "wagtailsearch.sqliteftsindexentry",
        "pk": 4,
        "fields": {
            "autocomplete": "Music",
            "title": "Music",
            "body": ""
        }
    },
    {
        "model": "wagtailsearch.sqliteftsindexentry",
        "pk": 5,
        "fields": {
            "autocomplete": "Music",
            "title": "Music",
            "body": ""
        }
    },
    {
        "model": "wagtailsearch.sqliteftsindexentry",
        "pk": 6,
        "fields": {
            "autocomplete": "News",
            "title": "News",
            "body": ""
        }
    },
    {
        "model": "wagtailsearch.sqliteftsindexentry",
        "pk": 7,
        "fields": {
            "autocomplete": "News",
            "title": "News",
            "body": ""
        }
    },
    {
        "model": "wagtailsearch.sqliteftsindexentry",
        "pk": 8,
        "fields": {
            "autocomplete": "Shop",
            "title": "Shop",
            "body": ""
        }
    },
    {
        "model": "wagtailsearch.sqliteftsindexentry",
        "pk": 9,
        "fields": {
            "autocomplete": "Shop",
            "title": "Shop",
            "body": ""
        }
    },
    {
        "model": "wagtailsearch.sqliteftsindexentry",
        "pk": 10,
        "fields": {
            "autocomplete": "Tour",
            "title": "Tour",
            "body": ""
        }
    },
    {
        "model": "wagtailsearch.sqliteftsindexentry",
        "pk": 11,
        "fields": {
            "autocomplete": "Tour",
            "title": "Tour",
            "body": ""
        }
    },
    {
        "model": "wagtailsearch.sqliteftsindexentry",
        "pk": 12,
        "fields": {
            "autocomplete": "Home",
            "title": "Home",
            "body": ""
        }
    },
    {
        "model": "wagtailsearch.indexentry",
        "pk": 1,
        "fields": {
            "content_type": 3,
            "object_id": "4",
            "title_norm": 1.0625,
            "autocomplete": "Home",
            "title": "Home",
            "body": ""
        }
    },
    {
        "model": "wagtailsearch.indexentry",
        "pk": 2,
        "fields": {
            "content_type": 29,
            "object_id": "5",
            "title_norm": 1.0625,
            "autocomplete": "Band",
            "title": "Band",
            "body": ""
        }
    },
    {
        "model": "wagtailsearch.indexentry",
        "pk": 3,
        "fields": {
            "content_type": 29,
            "object_id": "6",
            "title_norm": 1.0625,
            "autocomplete": "Band",
            "title": "Band",
            "body": ""
        }
    },
    {
        "model": "wagtailsearch.indexentry",
        "pk": 4,
        "fields": {
            "content_type": 30,
            "object_id": "7",
            "title_norm": 0.85,
            "autocomplete": "Music",
            "title": "Music",
            "body": ""
        }
    },
    {
        "model": "wagtailsearch.indexentry",
        "pk": 5,
        "fields": {
            "content_type": 30,
            "object_id": "8",
            "title_norm": 0.8800000000000001,
            "autocomplete": "Music",
            "title": "Music",
            "body": ""
        }
    },
    {
        "model": "wagtailsearch.indexentry",
        "pk": 6,
        "fields": {
            "content_type": 32,
            "object_id": "9",
            "title_norm": 1.0833333333333333,
            "autocomplete": "News",
            "title": "News",
            "body": ""
        }
    },
    {
        "model": "wagtailsearch.indexentry",
        "pk": 7,
        "fields": {
            "content_type": 32,
            "object_id": "10",
            "title_norm": 1.0714285714285714,
            "autocomplete": "News",
            "title": "News",
            "body": ""
        }
    },
    {
        "model": "wagtailsearch.indexentry",
        "pk": 8,
        "fields": {
            "content_type": 33,
            "object_id": "11",
            "title_norm": 1.0625,
            "autocomplete": "Shop",
            "title": "Shop",
            "body": ""
        }
    },
    {
        "model": "wagtailsearch.indexentry",
        "pk": 9,
        "fields": {
            "content_type": 33,
            "object_id": "12",
            "title_norm": 1.0555555555555556,
            "autocomplete": "Shop",
            "title": "Shop",
            "body": ""
        }
    },
    {
        "model": "wagtailsearch.indexentry",
        "pk": 10,
        "fields": {
            "content_type": 31,
            "object_id": "13",
            "title_norm": 1.05,
            "autocomplete": "Tour",
            "title": "Tour",
            "body": ""
        }
    },
    {
        "model": "wagtailsearch.indexentry",
        "pk": 11,
        "fields": {
            "content_type": 31,
            "object_id": "14",
            "title_norm": 1.0454545454545454,
            "autocomplete": "Tour",
            "title": "Tour",
            "body": ""
        }
    },
    {
        "model": "wagtailsearch.indexentry",
        "pk": 12,
        "fields": {
            "content_type": 3,
            "object_id": "3",
            "title_norm": 1.0416666666666667,
            "autocomplete": "Home",
            "title": "Home",
            "body": ""
        }
    },
    {
        "model": "wagtailcore.locale",
        "pk": 1,
        "fields": {
            "language_code": "en"
        }
    },
    {
        "model": "wagtailcore.locale",
        "pk": 2,
        "fields": {
            "language_code": "ja"
        }
    },
    {
        "model": "wagtailcore.site",
        "pk": 2,
        "fields": {
            "hostname": "localhost",
            "port": 80,
            "site_name": "",
            "root_page": 3,
            "is_default_site": true
        }
    },
    {
        "model": "wagtailcore.modellogentry",
        "pk": 1,
        "fields": {
            "content_type": 4,
            "label": "Japanese",
            "action": "wagtail.create",
            "data": {},
            "timestamp": "2023-12-21T08:16:50.535Z",
            "uuid": "ae52e7f7-2702-4167-a658-a7e02fb2ac67",
            "user": 1,
            "revision": null,
            "content_changed": true,
            "deleted": false,
            "object_id": "2"
        }
    },
    {
        "model": "wagtailcore.modellogentry",
        "pk": 2,
        "fields": {
            "content_type": 4,
            "label": "Japanese",
            "action": "wagtail.edit",
            "data": {},
            "timestamp": "2023-12-21T08:17:03.986Z",
            "uuid": "de7de607-301c-400c-9992-077ab97a477a",
            "user": 1,
            "revision": null,
            "content_changed": false,
            "deleted": false,
            "object_id": "2"
        }
    },
    {
        "model": "wagtailcore.collection",
        "pk": 1,
        "fields": {
            "path": "0001",
            "depth": 1,
            "numchild": 0,
            "name": "Root"
        }
    },
    {
        "model": "wagtailcore.groupcollectionpermission",
        "pk": 1,
        "fields": {
            "group": 2,
            "collection": 1,
            "permission": 99
        }
    },
    {
        "model": "wagtailcore.groupcollectionpermission",
        "pk": 2,
        "fields": {
            "group": 1,
            "collection": 1,
            "permission": 99
        }
    },
    {
        "model": "wagtailcore.groupcollectionpermission",
        "pk": 3,
        "fields": {
            "group": 2,
            "collection": 1,
            "permission": 100
        }
    },
    {
        "model": "wagtailcore.groupcollectionpermission",
        "pk": 4,
        "fields": {
            "group": 1,
            "collection": 1,
            "permission": 100
        }
    },
    {
        "model": "wagtailcore.groupcollectionpermission",
        "pk": 5,
        "fields": {
            "group": 2,
            "collection": 1,
            "permission": 102
        }
    },
    {
        "model": "wagtailcore.groupcollectionpermission",
        "pk": 6,
        "fields": {
            "group": 1,
            "collection": 1,
            "permission": 102
        }
    },
    {
        "model": "wagtailcore.groupcollectionpermission",
        "pk": 7,
        "fields": {
            "group": 2,
            "collection": 1,
            "permission": 103
        }
    },
    {
        "model": "wagtailcore.groupcollectionpermission",
        "pk": 8,
        "fields": {
            "group": 1,
            "collection": 1,
            "permission": 103
        }
    },
    {
        "model": "wagtailcore.groupcollectionpermission",
        "pk": 9,
        "fields": {
            "group": 2,
            "collection": 1,
            "permission": 104
        }
    },
    {
        "model": "wagtailcore.groupcollectionpermission",
        "pk": 10,
        "fields": {
            "group": 1,
            "collection": 1,
            "permission": 104
        }
    },
    {
        "model": "wagtailcore.groupcollectionpermission",
        "pk": 11,
        "fields": {
            "group": 2,
            "collection": 1,
            "permission": 106
        }
    },
    {
        "model": "wagtailcore.groupcollectionpermission",
        "pk": 12,
        "fields": {
            "group": 1,
            "collection": 1,
            "permission": 106
        }
    },
    {
        "model": "wagtailcore.page",
        "pk": 1,
        "fields": {
            "path": "0001",
            "depth": 1,
            "numchild": 2,
            "translation_key": "8dd75fc5-023c-4dd4-a4a2-952d40ce1230",
            "locale": 1,
            "latest_revision": null,
            "live": true,
            "has_unpublished_changes": false,
            "first_published_at": null,
            "last_published_at": null,
            "live_revision": null,
            "go_live_at": null,
            "expire_at": null,
            "expired": false,
            "locked": false,
            "locked_at": null,
            "locked_by": null,
            "title": "Root",
            "draft_title": "Root",
            "slug": "root",
            "content_type": 1,
            "url_path": "/",
            "owner": null,
            "seo_title": "",
            "show_in_menus": false,
            "search_description": "",
            "latest_revision_created_at": null,
            "alias_of": null
        }
    },
    {
        "model": "wagtailcore.page",
        "pk": 3,
        "fields": {
            "path": "00010001",
            "depth": 2,
            "numchild": 5,
            "translation_key": "7f168548-18fd-499e-91e0-9ac4d3720277",
            "locale": 1,
            "latest_revision": 23,
            "live": true,
            "has_unpublished_changes": false,
            "first_published_at": "2023-12-22T13:50:36.351Z",
            "last_published_at": "2023-12-22T13:50:36.351Z",
            "live_revision": 23,
            "go_live_at": null,
            "expire_at": null,
            "expired": false,
            "locked": false,
            "locked_at": null,
            "locked_by": null,
            "title": "Home",
            "draft_title": "Home",
            "slug": "home",
            "content_type": 3,
            "url_path": "/home/",
            "owner": null,
            "seo_title": "",
            "show_in_menus": false,
            "search_description": "",
            "latest_revision_created_at": "2023-12-22T13:50:36.326Z",
            "alias_of": null
        }
    },
    {
        "model": "wagtailcore.page",
        "pk": 4,
        "fields": {
            "path": "00010002",
            "depth": 2,
            "numchild": 5,
            "translation_key": "7f168548-18fd-499e-91e0-9ac4d3720277",
            "locale": 2,
            "latest_revision": 20,
            "live": true,
            "has_unpublished_changes": false,
            "first_published_at": "2023-12-21T08:19:36.221Z",
            "last_published_at": "2023-12-21T08:19:47.679Z",
            "live_revision": 20,
            "go_live_at": null,
            "expire_at": null,
            "expired": false,
            "locked": false,
            "locked_at": null,
            "locked_by": null,
            "title": "Home",
            "draft_title": "Home",
            "slug": "home-1",
            "content_type": 3,
            "url_path": "/home-1/",
            "owner": null,
            "seo_title": "",
            "show_in_menus": false,
            "search_description": "",
            "latest_revision_created_at": "2023-12-21T08:19:47.662Z",
            "alias_of": null
        }
    },
    {
        "model": "wagtailcore.page",
        "pk": 5,
        "fields": {
            "path": "000100010001",
            "depth": 3,
            "numchild": 0,
            "translation_key": "f0406575-d7af-4dc1-86eb-4160c6266a57",
            "locale": 1,
            "latest_revision": 1,
            "live": true,
            "has_unpublished_changes": false,
            "first_published_at": "2023-12-21T08:17:21.776Z",
            "last_published_at": "2023-12-21T08:17:21.776Z",
            "live_revision": 1,
            "go_live_at": null,
            "expire_at": null,
            "expired": false,
            "locked": false,
            "locked_at": null,
            "locked_by": null,
            "title": "Band",
            "draft_title": "Band",
            "slug": "band",
            "content_type": 29,
            "url_path": "/home/band/",
            "owner": 1,
            "seo_title": "",
            "show_in_menus": false,
            "search_description": "",
            "latest_revision_created_at": "2023-12-21T08:17:21.753Z",
            "alias_of": null
        }
    },
    {
        "model": "wagtailcore.page",
        "pk": 6,
        "fields": {
            "path": "000100020001",
            "depth": 3,
            "numchild": 0,
            "translation_key": "f0406575-d7af-4dc1-86eb-4160c6266a57",
            "locale": 2,
            "latest_revision": 12,
            "live": true,
            "has_unpublished_changes": false,
            "first_published_at": "2023-12-21T08:17:21.776Z",
            "last_published_at": "2023-12-21T08:19:36.258Z",
            "live_revision": 12,
            "go_live_at": null,
            "expire_at": null,
            "expired": false,
            "locked": false,
            "locked_at": null,
            "locked_by": null,
            "title": "Band",
            "draft_title": "Band",
            "slug": "band",
            "content_type": 29,
            "url_path": "/home-1/band/",
            "owner": 1,
            "seo_title": "",
            "show_in_menus": false,
            "search_description": "",
            "latest_revision_created_at": "2023-12-21T08:19:35.812Z",
            "alias_of": null
        }
    },
    {
        "model": "wagtailcore.page",
        "pk": 7,
        "fields": {
            "path": "000100010002",
            "depth": 3,
            "numchild": 0,
            "translation_key": "2933e6f2-588a-4526-a337-a893269f89ac",
            "locale": 1,
            "latest_revision": 2,
            "live": true,
            "has_unpublished_changes": false,
            "first_published_at": "2023-12-21T08:17:36.087Z",
            "last_published_at": "2023-12-21T08:17:36.087Z",
            "live_revision": 2,
            "go_live_at": null,
            "expire_at": null,
            "expired": false,
            "locked": false,
            "locked_at": null,
            "locked_by": null,
            "title": "Music",
            "draft_title": "Music",
            "slug": "music",
            "content_type": 30,
            "url_path": "/home/music/",
            "owner": 1,
            "seo_title": "",
            "show_in_menus": false,
            "search_description": "",
            "latest_revision_created_at": "2023-12-21T08:17:36.064Z",
            "alias_of": null
        }
    },
    {
        "model": "wagtailcore.page",
        "pk": 8,
        "fields": {
            "path": "000100020002",
            "depth": 3,
            "numchild": 0,
            "translation_key": "2933e6f2-588a-4526-a337-a893269f89ac",
            "locale": 2,
            "latest_revision": 14,
            "live": true,
            "has_unpublished_changes": false,
            "first_published_at": "2023-12-21T08:17:36.087Z",
            "last_published_at": "2023-12-21T08:19:36.297Z",
            "live_revision": 14,
            "go_live_at": null,
            "expire_at": null,
            "expired": false,
            "locked": false,
            "locked_at": null,
            "locked_by": null,
            "title": "Music",
            "draft_title": "Music",
            "slug": "music",
            "content_type": 30,
            "url_path": "/home-1/music/",
            "owner": 1,
            "seo_title": "",
            "show_in_menus": false,
            "search_description": "",
            "latest_revision_created_at": "2023-12-21T08:19:35.916Z",
            "alias_of": null
        }
    },
    {
        "model": "wagtailcore.page",
        "pk": 9,
        "fields": {
            "path": "000100010003",
            "depth": 3,
            "numchild": 0,
            "translation_key": "07b78670-1bec-4919-a518-a0681ebf9ff5",
            "locale": 1,
            "latest_revision": 3,
            "live": true,
            "has_unpublished_changes": false,
            "first_published_at": "2023-12-21T08:17:51.045Z",
            "last_published_at": "2023-12-21T08:17:51.045Z",
            "live_revision": 3,
            "go_live_at": null,
            "expire_at": null,
            "expired": false,
            "locked": false,
            "locked_at": null,
            "locked_by": null,
            "title": "News",
            "draft_title": "News",
            "slug": "news",
            "content_type": 32,
            "url_path": "/home/news/",
            "owner": 1,
            "seo_title": "",
            "show_in_menus": false,
            "search_description": "",
            "latest_revision_created_at": "2023-12-21T08:17:51.023Z",
            "alias_of": null
        }
    },
    {
        "model": "wagtailcore.page",
        "pk": 10,
        "fields": {
            "path": "000100020003",
            "depth": 3,
            "numchild": 0,
            "translation_key": "07b78670-1bec-4919-a518-a0681ebf9ff5",
            "locale": 2,
            "latest_revision": 16,
            "live": true,
            "has_unpublished_changes": false,
            "first_published_at": "2023-12-21T08:17:51.045Z",
            "last_published_at": "2023-12-21T08:19:36.335Z",
            "live_revision": 16,
            "go_live_at": null,
            "expire_at": null,
            "expired": false,
            "locked": false,
            "locked_at": null,
            "locked_by": null,
            "title": "News",
            "draft_title": "News",
            "slug": "news",
            "content_type": 32,
            "url_path": "/home-1/news/",
            "owner": 1,
            "seo_title": "",
            "show_in_menus": false,
            "search_description": "",
            "latest_revision_created_at": "2023-12-21T08:19:36.022Z",
            "alias_of": null
        }
    },
    {
        "model": "wagtailcore.page",
        "pk": 11,
        "fields": {
            "path": "000100010004",
            "depth": 3,
            "numchild": 0,
            "translation_key": "9e0fb1b3-9744-4b1e-88fe-6a05c9d4837c",
            "locale": 1,
            "latest_revision": 4,
            "live": true,
            "has_unpublished_changes": false,
            "first_published_at": "2023-12-21T08:18:08.815Z",
            "last_published_at": "2023-12-21T08:18:08.815Z",
            "live_revision": 4,
            "go_live_at": null,
            "expire_at": null,
            "expired": false,
            "locked": false,
            "locked_at": null,
            "locked_by": null,
            "title": "Shop",
            "draft_title": "Shop",
            "slug": "shop",
            "content_type": 33,
            "url_path": "/home/shop/",
            "owner": 1,
            "seo_title": "",
            "show_in_menus": false,
            "search_description": "",
            "latest_revision_created_at": "2023-12-21T08:18:08.794Z",
            "alias_of": null
        }
    },
    {
        "model": "wagtailcore.page",
        "pk": 12,
        "fields": {
            "path": "000100020004",
            "depth": 3,
            "numchild": 0,
            "translation_key": "9e0fb1b3-9744-4b1e-88fe-6a05c9d4837c",
            "locale": 2,
            "latest_revision": 21,
            "live": true,
            "has_unpublished_changes": false,
            "first_published_at": "2023-12-21T08:18:08.815Z",
            "last_published_at": "2023-12-21T08:20:21.653Z",
            "live_revision": 21,
            "go_live_at": null,
            "expire_at": null,
            "expired": false,
            "locked": false,
            "locked_at": null,
            "locked_by": null,
            "title": "Shop",
            "draft_title": "Shop",
            "slug": "shop",
            "content_type": 33,
            "url_path": "/home-1/shop/",
            "owner": 1,
            "seo_title": "",
            "show_in_menus": false,
            "search_description": "",
            "latest_revision_created_at": "2023-12-21T08:20:21.634Z",
            "alias_of": null
        }
    },
    {
        "model": "wagtailcore.page",
        "pk": 13,
        "fields": {
            "path": "000100010005",
            "depth": 3,
            "numchild": 0,
            "translation_key": "3a495721-7778-4ed3-bb35-0be2eda43675",
            "locale": 1,
            "latest_revision": 5,
            "live": true,
            "has_unpublished_changes": false,
            "first_published_at": "2023-12-21T08:18:21.016Z",
            "last_published_at": "2023-12-21T08:18:21.016Z",
            "live_revision": 5,
            "go_live_at": null,
            "expire_at": null,
            "expired": false,
            "locked": false,
            "locked_at": null,
            "locked_by": null,
            "title": "Tour",
            "draft_title": "Tour",
            "slug": "tour",
            "content_type": 31,
            "url_path": "/home/tour/",
            "owner": 1,
            "seo_title": "",
            "show_in_menus": false,
            "search_description": "",
            "latest_revision_created_at": "2023-12-21T08:18:20.995Z",
            "alias_of": null
        }
    },
    {
        "model": "wagtailcore.page",
        "pk": 14,
        "fields": {
            "path": "000100020005",
            "depth": 3,
            "numchild": 0,
            "translation_key": "3a495721-7778-4ed3-bb35-0be2eda43675",
            "locale": 2,
            "latest_revision": 22,
            "live": true,
            "has_unpublished_changes": false,
            "first_published_at": "2023-12-21T08:18:21.016Z",
            "last_published_at": "2023-12-21T08:21:06.194Z",
            "live_revision": 22,
            "go_live_at": null,
            "expire_at": null,
            "expired": false,
            "locked": false,
            "locked_at": null,
            "locked_by": null,
            "title": "Tour",
            "draft_title": "Tour",
            "slug": "tour",
            "content_type": 31,
            "url_path": "/home-1/tour/",
            "owner": 1,
            "seo_title": "",
            "show_in_menus": false,
            "search_description": "",
            "latest_revision_created_at": "2023-12-21T08:21:06.177Z",
            "alias_of": null
        }
    },
    {
        "model": "wagtailcore.revision",
        "pk": 1,
        "fields": {
            "content_type": 29,
            "base_content_type": 1,
            "object_id": "5",
            "submitted_for_moderation": false,
            "created_at": "2023-12-21T08:17:21.753Z",
            "user": 1,
            "object_str": "Band",
            "content": {
                "pk": 5,
                "path": "000100010001",
                "depth": 3,
                "numchild": 0,
                "translation_key": "f0406575-d7af-4dc1-86eb-4160c6266a57",
                "locale": 1,
                "latest_revision": null,
                "live": true,
                "has_unpublished_changes": false,
                "first_published_at": null,
                "last_published_at": null,
                "live_revision": null,
                "go_live_at": null,
                "expire_at": null,
                "expired": false,
                "locked": false,
                "locked_at": null,
                "locked_by": null,
                "title": "Band",
                "draft_title": "Band",
                "slug": "band",
                "content_type": 29,
                "url_path": "/home/band/",
                "owner": 1,
                "seo_title": "",
                "show_in_menus": false,
                "search_description": "",
                "latest_revision_created_at": null,
                "alias_of": null,
                "intro": "<p data-block-key=\"v8lml\">band</p>",
                "wagtail_admin_comments": []
            },
            "approved_go_live_at": null
        }
    },
    {
        "model": "wagtailcore.revision",
        "pk": 2,
        "fields": {
            "content_type": 30,
            "base_content_type": 1,
            "object_id": "7",
            "submitted_for_moderation": false,
            "created_at": "2023-12-21T08:17:36.064Z",
            "user": 1,
            "object_str": "Music",
            "content": {
                "pk": 7,
                "path": "000100010002",
                "depth": 3,
                "numchild": 0,
                "translation_key": "2933e6f2-588a-4526-a337-a893269f89ac",
                "locale": 1,
                "latest_revision": null,
                "live": true,
                "has_unpublished_changes": false,
                "first_published_at": null,
                "last_published_at": null,
                "live_revision": null,
                "go_live_at": null,
                "expire_at": null,
                "expired": false,
                "locked": false,
                "locked_at": null,
                "locked_by": null,
                "title": "Music",
                "draft_title": "Music",
                "slug": "music",
                "content_type": 30,
                "url_path": "/home/music/",
                "owner": 1,
                "seo_title": "",
                "show_in_menus": false,
                "search_description": "",
                "latest_revision_created_at": null,
                "alias_of": null,
                "intro": "<p data-block-key=\"xej77\">music</p>",
                "wagtail_admin_comments": []
            },
            "approved_go_live_at": null
        }
    },
    {
        "model": "wagtailcore.revision",
        "pk": 3,
        "fields": {
            "content_type": 32,
            "base_content_type": 1,
            "object_id": "9",
            "submitted_for_moderation": false,
            "created_at": "2023-12-21T08:17:51.023Z",
            "user": 1,
            "object_str": "News",
            "content": {
                "pk": 9,
                "path": "000100010003",
                "depth": 3,
                "numchild": 0,
                "translation_key": "07b78670-1bec-4919-a518-a0681ebf9ff5",
                "locale": 1,
                "latest_revision": null,
                "live": true,
                "has_unpublished_changes": false,
                "first_published_at": null,
                "last_published_at": null,
                "live_revision": null,
                "go_live_at": null,
                "expire_at": null,
                "expired": false,
                "locked": false,
                "locked_at": null,
                "locked_by": null,
                "title": "News",
                "draft_title": "News",
                "slug": "news",
                "content_type": 32,
                "url_path": "/home/news/",
                "owner": 1,
                "seo_title": "",
                "show_in_menus": false,
                "search_description": "",
                "latest_revision_created_at": null,
                "alias_of": null,
                "intro": "<p data-block-key=\"u3mq5\">news</p>",
                "wagtail_admin_comments": []
            },
            "approved_go_live_at": null
        }
    },
    {
        "model": "wagtailcore.revision",
        "pk": 4,
        "fields": {
            "content_type": 33,
            "base_content_type": 1,
            "object_id": "11",
            "submitted_for_moderation": false,
            "created_at": "2023-12-21T08:18:08.794Z",
            "user": 1,
            "object_str": "Shop",
            "content": {
                "pk": 11,
                "path": "000100010004",
                "depth": 3,
                "numchild": 0,
                "translation_key": "9e0fb1b3-9744-4b1e-88fe-6a05c9d4837c",
                "locale": 1,
                "latest_revision": null,
                "live": true,
                "has_unpublished_changes": false,
                "first_published_at": null,
                "last_published_at": null,
                "live_revision": null,
                "go_live_at": null,
                "expire_at": null,
                "expired": false,
                "locked": false,
                "locked_at": null,
                "locked_by": null,
                "title": "Shop",
                "draft_title": "Shop",
                "slug": "shop",
                "content_type": 33,
                "url_path": "/home/shop/",
                "owner": 1,
                "seo_title": "",
                "show_in_menus": false,
                "search_description": "",
                "latest_revision_created_at": null,
                "alias_of": null,
                "intro": "<p data-block-key=\"1jwap\">coming soon</p>",
                "wagtail_admin_comments": []
            },
            "approved_go_live_at": null
        }
    },
    {
        "model": "wagtailcore.revision",
        "pk": 5,
        "fields": {
            "content_type": 31,
            "base_content_type": 1,
            "object_id": "13",
            "submitted_for_moderation": false,
            "created_at": "2023-12-21T08:18:20.995Z",
            "user": 1,
            "object_str": "Tour",
            "content": {
                "pk": 13,
                "path": "000100010005",
                "depth": 3,
                "numchild": 0,
                "translation_key": "3a495721-7778-4ed3-bb35-0be2eda43675",
                "locale": 1,
                "latest_revision": null,
                "live": true,
                "has_unpublished_changes": false,
                "first_published_at": null,
                "last_published_at": null,
                "live_revision": null,
                "go_live_at": null,
                "expire_at": null,
                "expired": false,
                "locked": false,
                "locked_at": null,
                "locked_by": null,
                "title": "Tour",
                "draft_title": "Tour",
                "slug": "tour",
                "content_type": 31,
                "url_path": "/home/tour/",
                "owner": 1,
                "seo_title": "",
                "show_in_menus": false,
                "search_description": "",
                "latest_revision_created_at": null,
                "alias_of": null,
                "intro": "<p data-block-key=\"ix5yf\">tour</p>",
                "wagtail_admin_comments": []
            },
            "approved_go_live_at": null
        }
    },
    {
        "model": "wagtailcore.revision",
        "pk": 6,
        "fields": {
            "content_type": 31,
            "base_content_type": 1,
            "object_id": "14",
            "submitted_for_moderation": false,
            "created_at": "2023-12-21T08:19:14.422Z",
            "user": 1,
            "object_str": "Tour",
            "content": {
                "pk": 14,
                "path": "000100020005",
                "depth": 3,
                "numchild": 0,
                "translation_key": "3a495721-7778-4ed3-bb35-0be2eda43675",
                "locale": 2,
                "latest_revision": 5,
                "live": true,
                "has_unpublished_changes": false,
                "first_published_at": "2023-12-21T08:18:21.016Z",
                "last_published_at": "2023-12-21T08:18:21.016Z",
                "live_revision": 5,
                "go_live_at": null,
                "expire_at": null,
                "expired": false,
                "locked": false,
                "locked_at": null,
                "locked_by": null,
                "title": "Tour",
                "draft_title": "Tour",
                "slug": "tour",
                "content_type": 31,
                "url_path": "/home-ja/tour/",
                "owner": 1,
                "seo_title": "",
                "show_in_menus": false,
                "search_description": "",
                "latest_revision_created_at": "2023-12-21T08:18:20.995Z",
                "alias_of": null,
                "intro": "<p data-block-key=\"ix5yf\">tour</p>",
                "wagtail_admin_comments": []
            },
            "approved_go_live_at": null
        }
    },
    {
        "model": "wagtailcore.revision",
        "pk": 7,
        "fields": {
            "content_type": 31,
            "base_content_type": 1,
            "object_id": "14",
            "submitted_for_moderation": false,
            "created_at": "2023-12-21T08:19:14.451Z",
            "user": 1,
            "object_str": "Tour",
            "content": {
                "pk": 14,
                "path": "000100020005",
                "depth": 3,
                "numchild": 0,
                "translation_key": "3a495721-7778-4ed3-bb35-0be2eda43675",
                "locale": 2,
                "latest_revision": 6,
                "live": true,
                "has_unpublished_changes": false,
                "first_published_at": "2023-12-21T08:18:21.016Z",
                "last_published_at": "2023-12-21T08:18:21.016Z",
                "live_revision": 5,
                "go_live_at": null,
                "expire_at": null,
                "expired": false,
                "locked": false,
                "locked_at": null,
                "locked_by": null,
                "title": "Tour",
                "draft_title": "Tour",
                "slug": "tour",
                "content_type": 31,
                "url_path": "/home-ja/tour/",
                "owner": 1,
                "seo_title": "",
                "show_in_menus": false,
                "search_description": "",
                "latest_revision_created_at": "2023-12-21T08:19:14.422Z",
                "alias_of": null,
                "intro": "<p data-block-key=\"ix5yf\">tour</p>",
                "wagtail_admin_comments": []
            },
            "approved_go_live_at": null
        }
    },
    {
        "model": "wagtailcore.revision",
        "pk": 8,
        "fields": {
            "content_type": 31,
            "base_content_type": 1,
            "object_id": "14",
            "submitted_for_moderation": false,
            "created_at": "2023-12-21T08:19:18.270Z",
            "user": 1,
            "object_str": "Tour",
            "content": {
                "pk": 14,
                "path": "000100020005",
                "depth": 3,
                "numchild": 0,
                "translation_key": "3a495721-7778-4ed3-bb35-0be2eda43675",
                "locale": 2,
                "latest_revision": 7,
                "live": true,
                "has_unpublished_changes": false,
                "first_published_at": "2023-12-21T08:18:21.016Z",
                "last_published_at": "2023-12-21T08:19:14.471Z",
                "live_revision": 7,
                "go_live_at": null,
                "expire_at": null,
                "expired": false,
                "locked": false,
                "locked_at": null,
                "locked_by": null,
                "title": "Tour",
                "draft_title": "Tour",
                "slug": "tour",
                "content_type": 31,
                "url_path": "/home-ja/tour/",
                "owner": 1,
                "seo_title": "",
                "show_in_menus": false,
                "search_description": "",
                "latest_revision_created_at": "2023-12-21T08:19:14.451Z",
                "alias_of": null,
                "intro": "<p data-block-key=\"ix5yf\">tour</p>",
                "wagtail_admin_comments": []
            },
            "approved_go_live_at": null
        }
    },
    {
        "model": "wagtailcore.revision",
        "pk": 9,
        "fields": {
            "content_type": 3,
            "base_content_type": 1,
            "object_id": "4",
            "submitted_for_moderation": false,
            "created_at": "2023-12-21T08:19:35.672Z",
            "user": 1,
            "object_str": "Home",
            "content": {
                "pk": 4,
                "path": "00010002",
                "depth": 2,
                "numchild": 5,
                "translation_key": "7f168548-18fd-499e-91e0-9ac4d3720277",
                "locale": 2,
                "latest_revision": null,
                "live": true,
                "has_unpublished_changes": false,
                "first_published_at": null,
                "last_published_at": null,
                "live_revision": null,
                "go_live_at": null,
                "expire_at": null,
                "expired": false,
                "locked": false,
                "locked_at": null,
                "locked_by": null,
                "title": "Home",
                "draft_title": "Home",
                "slug": "home",
                "content_type": 3,
                "url_path": "/home-ja/",
                "owner": null,
                "seo_title": "",
                "show_in_menus": false,
                "search_description": "",
                "latest_revision_created_at": null,
                "alias_of": null,
                "intro": "",
                "wagtail_admin_comments": []
            },
            "approved_go_live_at": null
        }
    },
    {
        "model": "wagtailcore.revision",
        "pk": 10,
        "fields": {
            "content_type": 3,
            "base_content_type": 1,
            "object_id": "4",
            "submitted_for_moderation": false,
            "created_at": "2023-12-21T08:19:35.705Z",
            "user": 1,
            "object_str": "Home",
            "content": {
                "pk": 4,
                "path": "00010002",
                "depth": 2,
                "numchild": 5,
                "translation_key": "7f168548-18fd-499e-91e0-9ac4d3720277",
                "locale": 2,
                "latest_revision": 9,
                "live": true,
                "has_unpublished_changes": false,
                "first_published_at": null,
                "last_published_at": null,
                "live_revision": null,
                "go_live_at": null,
                "expire_at": null,
                "expired": false,
                "locked": false,
                "locked_at": null,
                "locked_by": null,
                "title": "Home",
                "draft_title": "Home",
                "slug": "home-1",
                "content_type": 3,
                "url_path": "/home-1/",
                "owner": null,
                "seo_title": "",
                "show_in_menus": false,
                "search_description": "",
                "latest_revision_created_at": "2023-12-21T08:19:35.672Z",
                "alias_of": null,
                "intro": "",
                "wagtail_admin_comments": []
            },
            "approved_go_live_at": null
        }
    },
    {
        "model": "wagtailcore.revision",
        "pk": 11,
        "fields": {
            "content_type": 29,
            "base_content_type": 1,
            "object_id": "6",
            "submitted_for_moderation": false,
            "created_at": "2023-12-21T08:19:35.778Z",
            "user": 1,
            "object_str": "Band",
            "content": {
                "pk": 6,
                "path": "000100020001",
                "depth": 3,
                "numchild": 0,
                "translation_key": "f0406575-d7af-4dc1-86eb-4160c6266a57",
                "locale": 2,
                "latest_revision": 1,
                "live": true,
                "has_unpublished_changes": false,
                "first_published_at": "2023-12-21T08:17:21.776Z",
                "last_published_at": "2023-12-21T08:17:21.776Z",
                "live_revision": 1,
                "go_live_at": null,
                "expire_at": null,
                "expired": false,
                "locked": false,
                "locked_at": null,
                "locked_by": null,
                "title": "Band",
                "draft_title": "Band",
                "slug": "band",
                "content_type": 29,
                "url_path": "/home-1/band/",
                "owner": 1,
                "seo_title": "",
                "show_in_menus": false,
                "search_description": "",
                "latest_revision_created_at": "2023-12-21T08:17:21.753Z",
                "alias_of": null,
                "intro": "<p data-block-key=\"v8lml\">band</p>",
                "wagtail_admin_comments": []
            },
            "approved_go_live_at": null
        }
    },
    {
        "model": "wagtailcore.revision",
        "pk": 12,
        "fields": {
            "content_type": 29,
            "base_content_type": 1,
            "object_id": "6",
            "submitted_for_moderation": false,
            "created_at": "2023-12-21T08:19:35.812Z",
            "user": 1,
            "object_str": "Band",
            "content": {
                "pk": 6,
                "path": "000100020001",
                "depth": 3,
                "numchild": 0,
                "translation_key": "f0406575-d7af-4dc1-86eb-4160c6266a57",
                "locale": 2,
                "latest_revision": 11,
                "live": true,
                "has_unpublished_changes": false,
                "first_published_at": "2023-12-21T08:17:21.776Z",
                "last_published_at": "2023-12-21T08:17:21.776Z",
                "live_revision": 1,
                "go_live_at": null,
                "expire_at": null,
                "expired": false,
                "locked": false,
                "locked_at": null,
                "locked_by": null,
                "title": "Band",
                "draft_title": "Band",
                "slug": "band",
                "content_type": 29,
                "url_path": "/home-1/band/",
                "owner": 1,
                "seo_title": "",
                "show_in_menus": false,
                "search_description": "",
                "latest_revision_created_at": "2023-12-21T08:19:35.778Z",
                "alias_of": null,
                "intro": "<p data-block-key=\"v8lml\">band</p>",
                "wagtail_admin_comments": []
            },
            "approved_go_live_at": null
        }
    },
    {
        "model": "wagtailcore.revision",
        "pk": 13,
        "fields": {
            "content_type": 30,
            "base_content_type": 1,
            "object_id": "8",
            "submitted_for_moderation": false,
            "created_at": "2023-12-21T08:19:35.882Z",
            "user": 1,
            "object_str": "Music",
            "content": {
                "pk": 8,
                "path": "000100020002",
                "depth": 3,
                "numchild": 0,
                "translation_key": "2933e6f2-588a-4526-a337-a893269f89ac",
                "locale": 2,
                "latest_revision": 2,
                "live": true,
                "has_unpublished_changes": false,
                "first_published_at": "2023-12-21T08:17:36.087Z",
                "last_published_at": "2023-12-21T08:17:36.087Z",
                "live_revision": 2,
                "go_live_at": null,
                "expire_at": null,
                "expired": false,
                "locked": false,
                "locked_at": null,
                "locked_by": null,
                "title": "Music",
                "draft_title": "Music",
                "slug": "music",
                "content_type": 30,
                "url_path": "/home-1/music/",
                "owner": 1,
                "seo_title": "",
                "show_in_menus": false,
                "search_description": "",
                "latest_revision_created_at": "2023-12-21T08:17:36.064Z",
                "alias_of": null,
                "intro": "<p data-block-key=\"xej77\">music</p>",
                "wagtail_admin_comments": []
            },
            "approved_go_live_at": null
        }
    },
    {
        "model": "wagtailcore.revision",
        "pk": 14,
        "fields": {
            "content_type": 30,
            "base_content_type": 1,
            "object_id": "8",
            "submitted_for_moderation": false,
            "created_at": "2023-12-21T08:19:35.916Z",
            "user": 1,
            "object_str": "Music",
            "content": {
                "pk": 8,
                "path": "000100020002",
                "depth": 3,
                "numchild": 0,
                "translation_key": "2933e6f2-588a-4526-a337-a893269f89ac",
                "locale": 2,
                "latest_revision": 13,
                "live": true,
                "has_unpublished_changes": false,
                "first_published_at": "2023-12-21T08:17:36.087Z",
                "last_published_at": "2023-12-21T08:17:36.087Z",
                "live_revision": 2,
                "go_live_at": null,
                "expire_at": null,
                "expired": false,
                "locked": false,
                "locked_at": null,
                "locked_by": null,
                "title": "Music",
                "draft_title": "Music",
                "slug": "music",
                "content_type": 30,
                "url_path": "/home-1/music/",
                "owner": 1,
                "seo_title": "",
                "show_in_menus": false,
                "search_description": "",
                "latest_revision_created_at": "2023-12-21T08:19:35.882Z",
                "alias_of": null,
                "intro": "<p data-block-key=\"xej77\">music</p>",
                "wagtail_admin_comments": []
            },
            "approved_go_live_at": null
        }
    },
    {
        "model": "wagtailcore.revision",
        "pk": 15,
        "fields": {
            "content_type": 32,
            "base_content_type": 1,
            "object_id": "10",
            "submitted_for_moderation": false,
            "created_at": "2023-12-21T08:19:35.988Z",
            "user": 1,
            "object_str": "News",
            "content": {
                "pk": 10,
                "path": "000100020003",
                "depth": 3,
                "numchild": 0,
                "translation_key": "07b78670-1bec-4919-a518-a0681ebf9ff5",
                "locale": 2,
                "latest_revision": 3,
                "live": true,
                "has_unpublished_changes": false,
                "first_published_at": "2023-12-21T08:17:51.045Z",
                "last_published_at": "2023-12-21T08:17:51.045Z",
                "live_revision": 3,
                "go_live_at": null,
                "expire_at": null,
                "expired": false,
                "locked": false,
                "locked_at": null,
                "locked_by": null,
                "title": "News",
                "draft_title": "News",
                "slug": "news",
                "content_type": 32,
                "url_path": "/home-1/news/",
                "owner": 1,
                "seo_title": "",
                "show_in_menus": false,
                "search_description": "",
                "latest_revision_created_at": "2023-12-21T08:17:51.023Z",
                "alias_of": null,
                "intro": "<p data-block-key=\"u3mq5\">news</p>",
                "wagtail_admin_comments": []
            },
            "approved_go_live_at": null
        }
    },
    {
        "model": "wagtailcore.revision",
        "pk": 16,
        "fields": {
            "content_type": 32,
            "base_content_type": 1,
            "object_id": "10",
            "submitted_for_moderation": false,
            "created_at": "2023-12-21T08:19:36.022Z",
            "user": 1,
            "object_str": "News",
            "content": {
                "pk": 10,
                "path": "000100020003",
                "depth": 3,
                "numchild": 0,
                "translation_key": "07b78670-1bec-4919-a518-a0681ebf9ff5",
                "locale": 2,
                "latest_revision": 15,
                "live": true,
                "has_unpublished_changes": false,
                "first_published_at": "2023-12-21T08:17:51.045Z",
                "last_published_at": "2023-12-21T08:17:51.045Z",
                "live_revision": 3,
                "go_live_at": null,
                "expire_at": null,
                "expired": false,
                "locked": false,
                "locked_at": null,
                "locked_by": null,
                "title": "News",
                "draft_title": "News",
                "slug": "news",
                "content_type": 32,
                "url_path": "/home-1/news/",
                "owner": 1,
                "seo_title": "",
                "show_in_menus": false,
                "search_description": "",
                "latest_revision_created_at": "2023-12-21T08:19:35.988Z",
                "alias_of": null,
                "intro": "<p data-block-key=\"u3mq5\">news</p>",
                "wagtail_admin_comments": []
            },
            "approved_go_live_at": null
        }
    },
    {
        "model": "wagtailcore.revision",
        "pk": 17,
        "fields": {
            "content_type": 33,
            "base_content_type": 1,
            "object_id": "12",
            "submitted_for_moderation": false,
            "created_at": "2023-12-21T08:19:36.089Z",
            "user": 1,
            "object_str": "Shop",
            "content": {
                "pk": 12,
                "path": "000100020004",
                "depth": 3,
                "numchild": 0,
                "translation_key": "9e0fb1b3-9744-4b1e-88fe-6a05c9d4837c",
                "locale": 2,
                "latest_revision": 4,
                "live": true,
                "has_unpublished_changes": false,
                "first_published_at": "2023-12-21T08:18:08.815Z",
                "last_published_at": "2023-12-21T08:18:08.815Z",
                "live_revision": 4,
                "go_live_at": null,
                "expire_at": null,
                "expired": false,
                "locked": false,
                "locked_at": null,
                "locked_by": null,
                "title": "Shop",
                "draft_title": "Shop",
                "slug": "shop",
                "content_type": 33,
                "url_path": "/home-1/shop/",
                "owner": 1,
                "seo_title": "",
                "show_in_menus": false,
                "search_description": "",
                "latest_revision_created_at": "2023-12-21T08:18:08.794Z",
                "alias_of": null,
                "intro": "<p data-block-key=\"1jwap\">coming soon</p>",
                "wagtail_admin_comments": []
            },
            "approved_go_live_at": null
        }
    },
    {
        "model": "wagtailcore.revision",
        "pk": 18,
        "fields": {
            "content_type": 33,
            "base_content_type": 1,
            "object_id": "12",
            "submitted_for_moderation": false,
            "created_at": "2023-12-21T08:19:36.120Z",
            "user": 1,
            "object_str": "Shop",
            "content": {
                "pk": 12,
                "path": "000100020004",
                "depth": 3,
                "numchild": 0,
                "translation_key": "9e0fb1b3-9744-4b1e-88fe-6a05c9d4837c",
                "locale": 2,
                "latest_revision": 17,
                "live": true,
                "has_unpublished_changes": false,
                "first_published_at": "2023-12-21T08:18:08.815Z",
                "last_published_at": "2023-12-21T08:18:08.815Z",
                "live_revision": 4,
                "go_live_at": null,
                "expire_at": null,
                "expired": false,
                "locked": false,
                "locked_at": null,
                "locked_by": null,
                "title": "Shop",
                "draft_title": "Shop",
                "slug": "shop",
                "content_type": 33,
                "url_path": "/home-1/shop/",
                "owner": 1,
                "seo_title": "",
                "show_in_menus": false,
                "search_description": "",
                "latest_revision_created_at": "2023-12-21T08:19:36.089Z",
                "alias_of": null,
                "intro": "<p data-block-key=\"1jwap\">coming soon</p>",
                "wagtail_admin_comments": []
            },
            "approved_go_live_at": null
        }
    },
    {
        "model": "wagtailcore.revision",
        "pk": 19,
        "fields": {
            "content_type": 31,
            "base_content_type": 1,
            "object_id": "14",
            "submitted_for_moderation": false,
            "created_at": "2023-12-21T08:19:36.169Z",
            "user": 1,
            "object_str": "Tour",
            "content": {
                "pk": 14,
                "path": "000100020005",
                "depth": 3,
                "numchild": 0,
                "translation_key": "3a495721-7778-4ed3-bb35-0be2eda43675",
                "locale": 2,
                "latest_revision": 8,
                "live": true,
                "has_unpublished_changes": false,
                "first_published_at": "2023-12-21T08:18:21.016Z",
                "last_published_at": "2023-12-21T08:19:18.288Z",
                "live_revision": 8,
                "go_live_at": null,
                "expire_at": null,
                "expired": false,
                "locked": false,
                "locked_at": null,
                "locked_by": null,
                "title": "Tour",
                "draft_title": "Tour",
                "slug": "tour",
                "content_type": 31,
                "url_path": "/home-1/tour/",
                "owner": 1,
                "seo_title": "",
                "show_in_menus": false,
                "search_description": "",
                "latest_revision_created_at": "2023-12-21T08:19:18.270Z",
                "alias_of": null,
                "intro": "<p data-block-key=\"ix5yf\">tour</p>",
                "wagtail_admin_comments": []
            },
            "approved_go_live_at": null
        }
    },
    {
        "model": "wagtailcore.revision",
        "pk": 20,
        "fields": {
            "content_type": 3,
            "base_content_type": 1,
            "object_id": "4",
            "submitted_for_moderation": false,
            "created_at": "2023-12-21T08:19:47.662Z",
            "user": 1,
            "object_str": "Home",
            "content": {
                "pk": 4,
                "path": "00010002",
                "depth": 2,
                "numchild": 5,
                "translation_key": "7f168548-18fd-499e-91e0-9ac4d3720277",
                "locale": 2,
                "latest_revision": 10,
                "live": true,
                "has_unpublished_changes": false,
                "first_published_at": "2023-12-21T08:19:36.221Z",
                "last_published_at": "2023-12-21T08:19:36.221Z",
                "live_revision": 10,
                "go_live_at": null,
                "expire_at": null,
                "expired": false,
                "locked": false,
                "locked_at": null,
                "locked_by": null,
                "title": "Home",
                "draft_title": "Home",
                "slug": "home-1",
                "content_type": 3,
                "url_path": "/home-1/",
                "owner": null,
                "seo_title": "",
                "show_in_menus": false,
                "search_description": "",
                "latest_revision_created_at": "2023-12-21T08:19:35.705Z",
                "alias_of": null,
                "intro": "",
                "wagtail_admin_comments": []
            },
            "approved_go_live_at": null
        }
    },
    {
        "model": "wagtailcore.revision",
        "pk": 21,
        "fields": {
            "content_type": 33,
            "base_content_type": 1,
            "object_id": "12",
            "submitted_for_moderation": false,
            "created_at": "2023-12-21T08:20:21.634Z",
            "user": 1,
            "object_str": "Shop",
            "content": {
                "pk": 12,
                "path": "000100020004",
                "depth": 3,
                "numchild": 0,
                "translation_key": "9e0fb1b3-9744-4b1e-88fe-6a05c9d4837c",
                "locale": 2,
                "latest_revision": 18,
                "live": true,
                "has_unpublished_changes": false,
                "first_published_at": "2023-12-21T08:18:08.815Z",
                "last_published_at": "2023-12-21T08:19:36.379Z",
                "live_revision": 18,
                "go_live_at": null,
                "expire_at": null,
                "expired": false,
                "locked": false,
                "locked_at": null,
                "locked_by": null,
                "title": "Shop",
                "draft_title": "Shop",
                "slug": "shop",
                "content_type": 33,
                "url_path": "/home-1/shop/",
                "owner": 1,
                "seo_title": "",
                "show_in_menus": false,
                "search_description": "",
                "latest_revision_created_at": "2023-12-21T08:19:36.120Z",
                "alias_of": null,
                "intro": "<p data-block-key=\"1jwap\">準備中</p>",
                "wagtail_admin_comments": []
            },
            "approved_go_live_at": null
        }
    },
    {
        "model": "wagtailcore.revision",
        "pk": 22,
        "fields": {
            "content_type": 31,
            "base_content_type": 1,
            "object_id": "14",
            "submitted_for_moderation": false,
            "created_at": "2023-12-21T08:21:06.177Z",
            "user": 1,
            "object_str": "Tour",
            "content": {
                "pk": 14,
                "path": "000100020005",
                "depth": 3,
                "numchild": 0,
                "translation_key": "3a495721-7778-4ed3-bb35-0be2eda43675",
                "locale": 2,
                "latest_revision": 19,
                "live": true,
                "has_unpublished_changes": false,
                "first_published_at": "2023-12-21T08:18:21.016Z",
                "last_published_at": "2023-12-21T08:19:36.424Z",
                "live_revision": 19,
                "go_live_at": null,
                "expire_at": null,
                "expired": false,
                "locked": false,
                "locked_at": null,
                "locked_by": null,
                "title": "Tour",
                "draft_title": "Tour",
                "slug": "tour",
                "content_type": 31,
                "url_path": "/home-1/tour/",
                "owner": 1,
                "seo_title": "",
                "show_in_menus": false,
                "search_description": "",
                "latest_revision_created_at": "2023-12-21T08:19:36.169Z",
                "alias_of": null,
                "intro": "<p data-block-key=\"ix5yf\">演出スケジュール</p>",
                "wagtail_admin_comments": []
            },
            "approved_go_live_at": null
        }
    },
    {
        "model": "wagtailcore.revision",
        "pk": 23,
        "fields": {
            "content_type": 3,
            "base_content_type": 1,
            "object_id": "3",
            "submitted_for_moderation": false,
            "created_at": "2023-12-22T13:50:36.326Z",
            "user": 1,
            "object_str": "Home",
            "content": {
                "pk": 3,
                "path": "00010001",
                "depth": 2,
                "numchild": 5,
                "translation_key": "7f168548-18fd-499e-91e0-9ac4d3720277",
                "locale": 1,
                "latest_revision": null,
                "live": true,
                "has_unpublished_changes": false,
                "first_published_at": null,
                "last_published_at": null,
                "live_revision": null,
                "go_live_at": null,
                "expire_at": null,
                "expired": false,
                "locked": false,
                "locked_at": null,
                "locked_by": null,
                "title": "Home",
                "draft_title": "Home",
                "slug": "home",
                "content_type": 3,
                "url_path": "/home/",
                "owner": null,
                "seo_title": "",
                "show_in_menus": false,
                "search_description": "",
                "latest_revision_created_at": null,
                "alias_of": null,
                "intro": "<p data-block-key=\"66bjx\">Official website of Murasaki</p>",
                "wagtail_admin_comments": []
            },
            "approved_go_live_at": null
        }
    },
    {
        "model": "wagtailcore.grouppagepermission",
        "pk": 1,
        "fields": {
            "group": 1,
            "page": 1,
            "permission": 29,
            "permission_type": "add"
        }
    },
    {
        "model": "wagtailcore.grouppagepermission",
        "pk": 2,
        "fields": {
            "group": 1,
            "page": 1,
            "permission": 30,
            "permission_type": "change"
        }
    },
    {
        "model": "wagtailcore.grouppagepermission",
        "pk": 3,
        "fields": {
            "group": 1,
            "page": 1,
            "permission": 35,
            "permission_type": "publish"
        }
    },
    {
        "model": "wagtailcore.grouppagepermission",
        "pk": 4,
        "fields": {
            "group": 2,
            "page": 1,
            "permission": 29,
            "permission_type": "add"
        }
    },
    {
        "model": "wagtailcore.grouppagepermission",
        "pk": 5,
        "fields": {
            "group": 2,
            "page": 1,
            "permission": 30,
            "permission_type": "change"
        }
    },
    {
        "model": "wagtailcore.grouppagepermission",
        "pk": 6,
        "fields": {
            "group": 1,
            "page": 1,
            "permission": 34,
            "permission_type": "lock"
        }
    },
    {
        "model": "wagtailcore.grouppagepermission",
        "pk": 7,
        "fields": {
            "group": 1,
            "page": 1,
            "permission": 36,
            "permission_type": "unlock"
        }
    },
    {
        "model": "wagtailcore.workflowpage",
        "pk": 1,
        "fields": {
            "workflow": 1
        }
    },
    {
        "model": "wagtailcore.workflowtask",
        "pk": 1,
        "fields": {
            "sort_order": 0,
            "workflow": 1,
            "task": 1
        }
    },
    {
        "model": "wagtailcore.task",
        "pk": 1,
        "fields": {
            "name": "Moderators approval",
            "content_type": 2,
            "active": true
        }
    },
    {
        "model": "wagtailcore.workflow",
        "pk": 1,
        "fields": {
            "name": "Moderators approval",
            "active": true
        }
    },
    {
        "model": "wagtailcore.groupapprovaltask",
        "pk": 1,
        "fields": {
            "groups": [
                1
            ]
        }
    },
    {
        "model": "wagtailcore.pagelogentry",
        "pk": 1,
        "fields": {
            "content_type": 3,
            "label": "Home",
            "action": "wagtail.create",
            "data": {},
            "timestamp": "2023-12-21T08:17:04.022Z",
            "uuid": "de7de607-301c-400c-9992-077ab97a477a",
            "user": 1,
            "revision": null,
            "content_changed": true,
            "deleted": false,
            "page": 4
        }
    },
    {
        "model": "wagtailcore.pagelogentry",
        "pk": 2,
        "fields": {
            "content_type": 3,
            "label": "Home",
            "action": "wagtail.create_alias",
            "data": {
                "page": {
                    "id": 4,
                    "title": "Home"
                },
                "source": {
                    "id": 1,
                    "title": "Root"
                },
                "destination": {
                    "id": 1,
                    "title": "Root"
                }
            },
            "timestamp": "2023-12-21T08:17:04.025Z",
            "uuid": "de7de607-301c-400c-9992-077ab97a477a",
            "user": 1,
            "revision": null,
            "content_changed": false,
            "deleted": false,
            "page": 4
        }
    },
    {
        "model": "wagtailcore.pagelogentry",
        "pk": 3,
        "fields": {
            "content_type": 29,
            "label": "Band",
            "action": "wagtail.create",
            "data": {},
            "timestamp": "2023-12-21T08:17:21.744Z",
            "uuid": "ceb8cd5f-e28f-4435-8c36-4962ae48e2e6",
            "user": 1,
            "revision": null,
            "content_changed": true,
            "deleted": false,
            "page": 5
        }
    },
    {
        "model": "wagtailcore.pagelogentry",
        "pk": 4,
        "fields": {
            "content_type": 29,
            "label": "Band",
            "action": "wagtail.edit",
            "data": {},
            "timestamp": "2023-12-21T08:17:21.765Z",
            "uuid": "ceb8cd5f-e28f-4435-8c36-4962ae48e2e6",
            "user": 1,
            "revision": 1,
            "content_changed": true,
            "deleted": false,
            "page": 5
        }
    },
    {
        "model": "wagtailcore.pagelogentry",
        "pk": 5,
        "fields": {
            "content_type": 29,
            "label": "Band",
            "action": "wagtail.publish",
            "data": {},
            "timestamp": "2023-12-21T08:17:21.798Z",
            "uuid": "ceb8cd5f-e28f-4435-8c36-4962ae48e2e6",
            "user": 1,
            "revision": 1,
            "content_changed": true,
            "deleted": false,
            "page": 5
        }
    },
    {
        "model": "wagtailcore.pagelogentry",
        "pk": 6,
        "fields": {
            "content_type": 29,
            "label": "Band",
            "action": "wagtail.create",
            "data": {},
            "timestamp": "2023-12-21T08:17:21.819Z",
            "uuid": "ceb8cd5f-e28f-4435-8c36-4962ae48e2e6",
            "user": 1,
            "revision": null,
            "content_changed": true,
            "deleted": false,
            "page": 6
        }
    },
    {
        "model": "wagtailcore.pagelogentry",
        "pk": 7,
        "fields": {
            "content_type": 29,
            "label": "Band",
            "action": "wagtail.create_alias",
            "data": {
                "page": {
                    "id": 6,
                    "title": "Band"
                },
                "source": {
                    "id": 3,
                    "title": "Home"
                },
                "destination": {
                    "id": 4,
                    "title": "Home"
                }
            },
            "timestamp": "2023-12-21T08:17:21.821Z",
            "uuid": "ceb8cd5f-e28f-4435-8c36-4962ae48e2e6",
            "user": 1,
            "revision": null,
            "content_changed": false,
            "deleted": false,
            "page": 6
        }
    },
    {
        "model": "wagtailcore.pagelogentry",
        "pk": 8,
        "fields": {
            "content_type": 30,
            "label": "Music",
            "action": "wagtail.create",
            "data": {},
            "timestamp": "2023-12-21T08:17:36.054Z",
            "uuid": "819617c0-e2ed-453e-95bf-00642454286e",
            "user": 1,
            "revision": null,
            "content_changed": true,
            "deleted": false,
            "page": 7
        }
    },
    {
        "model": "wagtailcore.pagelogentry",
        "pk": 9,
        "fields": {
            "content_type": 30,
            "label": "Music",
            "action": "wagtail.edit",
            "data": {},
            "timestamp": "2023-12-21T08:17:36.075Z",
            "uuid": "819617c0-e2ed-453e-95bf-00642454286e",
            "user": 1,
            "revision": 2,
            "content_changed": true,
            "deleted": false,
            "page": 7
        }
    },
    {
        "model": "wagtailcore.pagelogentry",
        "pk": 10,
        "fields": {
            "content_type": 30,
            "label": "Music",
            "action": "wagtail.publish",
            "data": {},
            "timestamp": "2023-12-21T08:17:36.110Z",
            "uuid": "819617c0-e2ed-453e-95bf-00642454286e",
            "user": 1,
            "revision": 2,
            "content_changed": true,
            "deleted": false,
            "page": 7
        }
    },
    {
        "model": "wagtailcore.pagelogentry",
        "pk": 11,
        "fields": {
            "content_type": 30,
            "label": "Music",
            "action": "wagtail.create",
            "data": {},
            "timestamp": "2023-12-21T08:17:36.136Z",
            "uuid": "819617c0-e2ed-453e-95bf-00642454286e",
            "user": 1,
            "revision": null,
            "content_changed": true,
            "deleted": false,
            "page": 8
        }
    },
    {
        "model": "wagtailcore.pagelogentry",
        "pk": 12,
        "fields": {
            "content_type": 30,
            "label": "Music",
            "action": "wagtail.create_alias",
            "data": {
                "page": {
                    "id": 8,
                    "title": "Music"
                },
                "source": {
                    "id": 3,
                    "title": "Home"
                },
                "destination": {
                    "id": 4,
                    "title": "Home"
                }
            },
            "timestamp": "2023-12-21T08:17:36.138Z",
            "uuid": "819617c0-e2ed-453e-95bf-00642454286e",
            "user": 1,
            "revision": null,
            "content_changed": false,
            "deleted": false,
            "page": 8
        }
    },
    {
        "model": "wagtailcore.pagelogentry",
        "pk": 13,
        "fields": {
            "content_type": 32,
            "label": "News",
            "action": "wagtail.create",
            "data": {},
            "timestamp": "2023-12-21T08:17:51.015Z",
            "uuid": "b6ad3035-809a-4376-ba58-3ac6dd99054e",
            "user": 1,
            "revision": null,
            "content_changed": true,
            "deleted": false,
            "page": 9
        }
    },
    {
        "model": "wagtailcore.pagelogentry",
        "pk": 14,
        "fields": {
            "content_type": 32,
            "label": "News",
            "action": "wagtail.edit",
            "data": {},
            "timestamp": "2023-12-21T08:17:51.034Z",
            "uuid": "b6ad3035-809a-4376-ba58-3ac6dd99054e",
            "user": 1,
            "revision": 3,
            "content_changed": true,
            "deleted": false,
            "page": 9
        }
    },
    {
        "model": "wagtailcore.pagelogentry",
        "pk": 15,
        "fields": {
            "content_type": 32,
            "label": "News",
            "action": "wagtail.publish",
            "data": {},
            "timestamp": "2023-12-21T08:17:51.069Z",
            "uuid": "b6ad3035-809a-4376-ba58-3ac6dd99054e",
            "user": 1,
            "revision": 3,
            "content_changed": true,
            "deleted": false,
            "page": 9
        }
    },
    {
        "model": "wagtailcore.pagelogentry",
        "pk": 16,
        "fields": {
            "content_type": 32,
            "label": "News",
            "action": "wagtail.create",
            "data": {},
            "timestamp": "2023-12-21T08:17:51.094Z",
            "uuid": "b6ad3035-809a-4376-ba58-3ac6dd99054e",
            "user": 1,
            "revision": null,
            "content_changed": true,
            "deleted": false,
            "page": 10
        }
    },
    {
        "model": "wagtailcore.pagelogentry",
        "pk": 17,
        "fields": {
            "content_type": 32,
            "label": "News",
            "action": "wagtail.create_alias",
            "data": {
                "page": {
                    "id": 10,
                    "title": "News"
                },
                "source": {
                    "id": 3,
                    "title": "Home"
                },
                "destination": {
                    "id": 4,
                    "title": "Home"
                }
            },
            "timestamp": "2023-12-21T08:17:51.096Z",
            "uuid": "b6ad3035-809a-4376-ba58-3ac6dd99054e",
            "user": 1,
            "revision": null,
            "content_changed": false,
            "deleted": false,
            "page": 10
        }
    },
    {
        "model": "wagtailcore.pagelogentry",
        "pk": 18,
        "fields": {
            "content_type": 33,
            "label": "Shop",
            "action": "wagtail.create",
            "data": {},
            "timestamp": "2023-12-21T08:18:08.784Z",
            "uuid": "030313bf-10fe-48e6-9d7f-a3fce4d96d53",
            "user": 1,
            "revision": null,
            "content_changed": true,
            "deleted": false,
            "page": 11
        }
    },
    {
        "model": "wagtailcore.pagelogentry",
        "pk": 19,
        "fields": {
            "content_type": 33,
            "label": "Shop",
            "action": "wagtail.edit",
            "data": {},
            "timestamp": "2023-12-21T08:18:08.805Z",
            "uuid": "030313bf-10fe-48e6-9d7f-a3fce4d96d53",
            "user": 1,
            "revision": 4,
            "content_changed": true,
            "deleted": false,
            "page": 11
        }
    },
    {
        "model": "wagtailcore.pagelogentry",
        "pk": 20,
        "fields": {
            "content_type": 33,
            "label": "Shop",
            "action": "wagtail.publish",
            "data": {},
            "timestamp": "2023-12-21T08:18:08.838Z",
            "uuid": "030313bf-10fe-48e6-9d7f-a3fce4d96d53",
            "user": 1,
            "revision": 4,
            "content_changed": true,
            "deleted": false,
            "page": 11
        }
    },
    {
        "model": "wagtailcore.pagelogentry",
        "pk": 21,
        "fields": {
            "content_type": 33,
            "label": "Shop",
            "action": "wagtail.create",
            "data": {},
            "timestamp": "2023-12-21T08:18:08.862Z",
            "uuid": "030313bf-10fe-48e6-9d7f-a3fce4d96d53",
            "user": 1,
            "revision": null,
            "content_changed": true,
            "deleted": false,
            "page": 12
        }
    },
    {
        "model": "wagtailcore.pagelogentry",
        "pk": 22,
        "fields": {
            "content_type": 33,
            "label": "Shop",
            "action": "wagtail.create_alias",
            "data": {
                "page": {
                    "id": 12,
                    "title": "Shop"
                },
                "source": {
                    "id": 3,
                    "title": "Home"
                },
                "destination": {
                    "id": 4,
                    "title": "Home"
                }
            },
            "timestamp": "2023-12-21T08:18:08.864Z",
            "uuid": "030313bf-10fe-48e6-9d7f-a3fce4d96d53",
            "user": 1,
            "revision": null,
            "content_changed": false,
            "deleted": false,
            "page": 12
        }
    },
    {
        "model": "wagtailcore.pagelogentry",
        "pk": 23,
        "fields": {
            "content_type": 31,
            "label": "Tour",
            "action": "wagtail.create",
            "data": {},
            "timestamp": "2023-12-21T08:18:20.985Z",
            "uuid": "9d7bf427-68fd-4fee-b562-291bc3698322",
            "user": 1,
            "revision": null,
            "content_changed": true,
            "deleted": false,
            "page": 13
        }
    },
    {
        "model": "wagtailcore.pagelogentry",
        "pk": 24,
        "fields": {
            "content_type": 31,
            "label": "Tour",
            "action": "wagtail.edit",
            "data": {},
            "timestamp": "2023-12-21T08:18:21.006Z",
            "uuid": "9d7bf427-68fd-4fee-b562-291bc3698322",
            "user": 1,
            "revision": 5,
            "content_changed": true,
            "deleted": false,
            "page": 13
        }
    },
    {
        "model": "wagtailcore.pagelogentry",
        "pk": 25,
        "fields": {
            "content_type": 31,
            "label": "Tour",
            "action": "wagtail.publish",
            "data": {},
            "timestamp": "2023-12-21T08:18:21.038Z",
            "uuid": "9d7bf427-68fd-4fee-b562-291bc3698322",
            "user": 1,
            "revision": 5,
            "content_changed": true,
            "deleted": false,
            "page": 13
        }
    },
    {
        "model": "wagtailcore.pagelogentry",
        "pk": 26,
        "fields": {
            "content_type": 31,
            "label": "Tour",
            "action": "wagtail.create",
            "data": {},
            "timestamp": "2023-12-21T08:18:21.061Z",
            "uuid": "9d7bf427-68fd-4fee-b562-291bc3698322",
            "user": 1,
            "revision": null,
            "content_changed": true,
            "deleted": false,
            "page": 14
        }
    },
    {
        "model": "wagtailcore.pagelogentry",
        "pk": 27,
        "fields": {
            "content_type": 31,
            "label": "Tour",
            "action": "wagtail.create_alias",
            "data": {
                "page": {
                    "id": 14,
                    "title": "Tour"
                },
                "source": {
                    "id": 3,
                    "title": "Home"
                },
                "destination": {
                    "id": 4,
                    "title": "Home"
                }
            },
            "timestamp": "2023-12-21T08:18:21.063Z",
            "uuid": "9d7bf427-68fd-4fee-b562-291bc3698322",
            "user": 1,
            "revision": null,
            "content_changed": false,
            "deleted": false,
            "page": 14
        }
    },
    {
        "model": "wagtailcore.pagelogentry",
        "pk": 28,
        "fields": {
            "content_type": 31,
            "label": "Tour",
            "action": "wagtail.convert_alias",
            "data": {
                "page": {
                    "id": 14,
                    "title": "Tour"
                }
            },
            "timestamp": "2023-12-21T08:19:14.429Z",
            "uuid": null,
            "user": 1,
            "revision": 6,
            "content_changed": false,
            "deleted": false,
            "page": 14
        }
    },
    {
        "model": "wagtailcore.pagelogentry",
        "pk": 29,
        "fields": {
            "content_type": 31,
            "label": "Tour",
            "action": "wagtail.publish",
            "data": {},
            "timestamp": "2023-12-21T08:19:14.495Z",
            "uuid": "0292fe7e-1ad5-4fe8-88c0-88b6fe5b3b26",
            "user": 1,
            "revision": 7,
            "content_changed": true,
            "deleted": false,
            "page": 14
        }
    },
    {
        "model": "wagtailcore.pagelogentry",
        "pk": 30,
        "fields": {
            "content_type": 31,
            "label": "Tour",
            "action": "wagtail.publish",
            "data": {},
            "timestamp": "2023-12-21T08:19:18.310Z",
            "uuid": "643517c8-2126-4f4e-8f5f-9b8ebd33ef69",
            "user": 1,
            "revision": 8,
            "content_changed": true,
            "deleted": false,
            "page": 14
        }
    },
    {
        "model": "wagtailcore.pagelogentry",
        "pk": 31,
        "fields": {
            "content_type": 3,
            "label": "Home",
            "action": "wagtail.convert_alias",
            "data": {
                "page": {
                    "id": 4,
                    "title": "Home"
                }
            },
            "timestamp": "2023-12-21T08:19:35.681Z",
            "uuid": null,
            "user": 1,
            "revision": 9,
            "content_changed": false,
            "deleted": false,
            "page": 4
        }
    },
    {
        "model": "wagtailcore.pagelogentry",
        "pk": 32,
        "fields": {
            "content_type": 29,
            "label": "Band",
            "action": "wagtail.convert_alias",
            "data": {
                "page": {
                    "id": 6,
                    "title": "Band"
                }
            },
            "timestamp": "2023-12-21T08:19:35.787Z",
            "uuid": null,
            "user": 1,
            "revision": 11,
            "content_changed": false,
            "deleted": false,
            "page": 6
        }
    },
    {
        "model": "wagtailcore.pagelogentry",
        "pk": 33,
        "fields": {
            "content_type": 30,
            "label": "Music",
            "action": "wagtail.convert_alias",
            "data": {
                "page": {
                    "id": 8,
                    "title": "Music"
                }
            },
            "timestamp": "2023-12-21T08:19:35.890Z",
            "uuid": null,
            "user": 1,
            "revision": 13,
            "content_changed": false,
            "deleted": false,
            "page": 8
        }
    },
    {
        "model": "wagtailcore.pagelogentry",
        "pk": 34,
        "fields": {
            "content_type": 32,
            "label": "News",
            "action": "wagtail.convert_alias",
            "data": {
                "page": {
                    "id": 10,
                    "title": "News"
                }
            },
            "timestamp": "2023-12-21T08:19:35.996Z",
            "uuid": null,
            "user": 1,
            "revision": 15,
            "content_changed": false,
            "deleted": false,
            "page": 10
        }
    },
    {
        "model": "wagtailcore.pagelogentry",
        "pk": 35,
        "fields": {
            "content_type": 33,
            "label": "Shop",
            "action": "wagtail.convert_alias",
            "data": {
                "page": {
                    "id": 12,
                    "title": "Shop"
                }
            },
            "timestamp": "2023-12-21T08:19:36.096Z",
            "uuid": null,
            "user": 1,
            "revision": 17,
            "content_changed": false,
            "deleted": false,
            "page": 12
        }
    },
    {
        "model": "wagtailcore.pagelogentry",
        "pk": 36,
        "fields": {
            "content_type": 3,
            "label": "Home",
            "action": "wagtail.publish",
            "data": {},
            "timestamp": "2023-12-21T08:19:36.246Z",
            "uuid": "102e78fb-b4bb-48b7-8ab2-a1d735d6193c",
            "user": 1,
            "revision": 10,
            "content_changed": true,
            "deleted": false,
            "page": 4
        }
    },
    {
        "model": "wagtailcore.pagelogentry",
        "pk": 37,
        "fields": {
            "content_type": 29,
            "label": "Band",
            "action": "wagtail.publish",
            "data": {},
            "timestamp": "2023-12-21T08:19:36.285Z",
            "uuid": "102e78fb-b4bb-48b7-8ab2-a1d735d6193c",
            "user": 1,
            "revision": 12,
            "content_changed": true,
            "deleted": false,
            "page": 6
        }
    },
    {
        "model": "wagtailcore.pagelogentry",
        "pk": 38,
        "fields": {
            "content_type": 30,
            "label": "Music",
            "action": "wagtail.publish",
            "data": {},
            "timestamp": "2023-12-21T08:19:36.324Z",
            "uuid": "102e78fb-b4bb-48b7-8ab2-a1d735d6193c",
            "user": 1,
            "revision": 14,
            "content_changed": true,
            "deleted": false,
            "page": 8
        }
    },
    {
        "model": "wagtailcore.pagelogentry",
        "pk": 39,
        "fields": {
            "content_type": 32,
            "label": "News",
            "action": "wagtail.publish",
            "data": {},
            "timestamp": "2023-12-21T08:19:36.360Z",
            "uuid": "102e78fb-b4bb-48b7-8ab2-a1d735d6193c",
            "user": 1,
            "revision": 16,
            "content_changed": true,
            "deleted": false,
            "page": 10
        }
    },
    {
        "model": "wagtailcore.pagelogentry",
        "pk": 40,
        "fields": {
            "content_type": 33,
            "label": "Shop",
            "action": "wagtail.publish",
            "data": {},
            "timestamp": "2023-12-21T08:19:36.411Z",
            "uuid": "102e78fb-b4bb-48b7-8ab2-a1d735d6193c",
            "user": 1,
            "revision": 18,
            "content_changed": true,
            "deleted": false,
            "page": 12
        }
    },
    {
        "model": "wagtailcore.pagelogentry",
        "pk": 41,
        "fields": {
            "content_type": 31,
            "label": "Tour",
            "action": "wagtail.publish",
            "data": {},
            "timestamp": "2023-12-21T08:19:36.449Z",
            "uuid": "102e78fb-b4bb-48b7-8ab2-a1d735d6193c",
            "user": 1,
            "revision": 19,
            "content_changed": true,
            "deleted": false,
            "page": 14
        }
    },
    {
        "model": "wagtailcore.pagelogentry",
        "pk": 42,
        "fields": {
            "content_type": 3,
            "label": "Home",
            "action": "wagtail.publish",
            "data": {},
            "timestamp": "2023-12-21T08:19:47.702Z",
            "uuid": "fa37053a-f874-4fc5-a35b-a4ffc69359f8",
            "user": 1,
            "revision": 20,
            "content_changed": true,
            "deleted": false,
            "page": 4
        }
    },
    {
        "model": "wagtailcore.pagelogentry",
        "pk": 43,
        "fields": {
            "content_type": 33,
            "label": "Shop",
            "action": "wagtail.publish",
            "data": {},
            "timestamp": "2023-12-21T08:20:21.677Z",
            "uuid": "c86f6aae-d1c8-47e1-9d36-7f981e6df9a7",
            "user": 1,
            "revision": 21,
            "content_changed": true,
            "deleted": false,
            "page": 12
        }
    },
    {
        "model": "wagtailcore.pagelogentry",
        "pk": 44,
        "fields": {
            "content_type": 31,
            "label": "Tour",
            "action": "wagtail.publish",
            "data": {},
            "timestamp": "2023-12-21T08:21:06.217Z",
            "uuid": "bb9beabf-d27f-4004-bfbe-8c40b2c3c436",
            "user": 1,
            "revision": 22,
            "content_changed": true,
            "deleted": false,
            "page": 14
        }
    },
    {
        "model": "wagtailcore.pagelogentry",
        "pk": 45,
        "fields": {
            "content_type": 3,
            "label": "Home",
            "action": "wagtail.edit",
            "data": {},
            "timestamp": "2023-12-22T13:50:36.342Z",
            "uuid": "a26bdaeb-f13b-4c15-859d-8a533f2f6bfc",
            "user": 1,
            "revision": 23,
            "content_changed": true,
            "deleted": false,
            "page": 3
        }
    },
    {
        "model": "wagtailcore.pagelogentry",
        "pk": 46,
        "fields": {
            "content_type": 3,
            "label": "Home",
            "action": "wagtail.publish",
            "data": {},
            "timestamp": "2023-12-22T13:50:36.373Z",
            "uuid": "a26bdaeb-f13b-4c15-859d-8a533f2f6bfc",
            "user": 1,
            "revision": 23,
            "content_changed": true,
            "deleted": false,
            "page": 3
        }
    },
    {
        "model": "wagtailcore.pagesubscription",
        "pk": 1,
        "fields": {
            "user": 1,
            "page": 5,
            "comment_notifications": true
        }
    },
    {
        "model": "wagtailcore.pagesubscription",
        "pk": 2,
        "fields": {
            "user": 1,
            "page": 7,
            "comment_notifications": true
        }
    },
    {
        "model": "wagtailcore.pagesubscription",
        "pk": 3,
        "fields": {
            "user": 1,
            "page": 9,
            "comment_notifications": true
        }
    },
    {
        "model": "wagtailcore.pagesubscription",
        "pk": 4,
        "fields": {
            "user": 1,
            "page": 11,
            "comment_notifications": true
        }
    },
    {
        "model": "wagtailcore.pagesubscription",
        "pk": 5,
        "fields": {
            "user": 1,
            "page": 13,
            "comment_notifications": true
        }
    },
    {
        "model": "wagtailcore.pagesubscription",
        "pk": 6,
        "fields": {
            "user": 1,
            "page": 3,
            "comment_notifications": false
        }
    },
    {
        "model": "auth.permission",
        "pk": 1,
        "fields": {
            "name": "Can add locale",
            "content_type": 4,
            "codename": "add_locale"
        }
    },
    {
        "model": "auth.permission",
        "pk": 2,
        "fields": {
            "name": "Can change locale",
            "content_type": 4,
            "codename": "change_locale"
        }
    },
    {
        "model": "auth.permission",
        "pk": 3,
        "fields": {
            "name": "Can delete locale",
            "content_type": 4,
            "codename": "delete_locale"
        }
    },
    {
        "model": "auth.permission",
        "pk": 4,
        "fields": {
            "name": "Can view locale",
            "content_type": 4,
            "codename": "view_locale"
        }
    },
    {
        "model": "auth.permission",
        "pk": 5,
        "fields": {
            "name": "Can add site",
            "content_type": 5,
            "codename": "add_site"
        }
    },
    {
        "model": "auth.permission",
        "pk": 6,
        "fields": {
            "name": "Can change site",
            "content_type": 5,
            "codename": "change_site"
        }
    },
    {
        "model": "auth.permission",
        "pk": 7,
        "fields": {
            "name": "Can delete site",
            "content_type": 5,
            "codename": "delete_site"
        }
    },
    {
        "model": "auth.permission",
        "pk": 8,
        "fields": {
            "name": "Can view site",
            "content_type": 5,
            "codename": "view_site"
        }
    },
    {
        "model": "auth.permission",
        "pk": 9,
        "fields": {
            "name": "Can add model log entry",
            "content_type": 6,
            "codename": "add_modellogentry"
        }
    },
    {
        "model": "auth.permission",
        "pk": 10,
        "fields": {
            "name": "Can change model log entry",
            "content_type": 6,
            "codename": "change_modellogentry"
        }
    },
    {
        "model": "auth.permission",
        "pk": 11,
        "fields": {
            "name": "Can delete model log entry",
            "content_type": 6,
            "codename": "delete_modellogentry"
        }
    },
    {
        "model": "auth.permission",
        "pk": 12,
        "fields": {
            "name": "Can view model log entry",
            "content_type": 6,
            "codename": "view_modellogentry"
        }
    },
    {
        "model": "auth.permission",
        "pk": 13,
        "fields": {
            "name": "Can add collection view restriction",
            "content_type": 7,
            "codename": "add_collectionviewrestriction"
        }
    },
    {
        "model": "auth.permission",
        "pk": 14,
        "fields": {
            "name": "Can change collection view restriction",
            "content_type": 7,
            "codename": "change_collectionviewrestriction"
        }
    },
    {
        "model": "auth.permission",
        "pk": 15,
        "fields": {
            "name": "Can delete collection view restriction",
            "content_type": 7,
            "codename": "delete_collectionviewrestriction"
        }
    },
    {
        "model": "auth.permission",
        "pk": 16,
        "fields": {
            "name": "Can view collection view restriction",
            "content_type": 7,
            "codename": "view_collectionviewrestriction"
        }
    },
    {
        "model": "auth.permission",
        "pk": 17,
        "fields": {
            "name": "Can add collection",
            "content_type": 8,
            "codename": "add_collection"
        }
    },
    {
        "model": "auth.permission",
        "pk": 18,
        "fields": {
            "name": "Can change collection",
            "content_type": 8,
            "codename": "change_collection"
        }
    },
    {
        "model": "auth.permission",
        "pk": 19,
        "fields": {
            "name": "Can delete collection",
            "content_type": 8,
            "codename": "delete_collection"
        }
    },
    {
        "model": "auth.permission",
        "pk": 20,
        "fields": {
            "name": "Can view collection",
            "content_type": 8,
            "codename": "view_collection"
        }
    },
    {
        "model": "auth.permission",
        "pk": 21,
        "fields": {
            "name": "Can add group collection permission",
            "content_type": 9,
            "codename": "add_groupcollectionpermission"
        }
    },
    {
        "model": "auth.permission",
        "pk": 22,
        "fields": {
            "name": "Can change group collection permission",
            "content_type": 9,
            "codename": "change_groupcollectionpermission"
        }
    },
    {
        "model": "auth.permission",
        "pk": 23,
        "fields": {
            "name": "Can delete group collection permission",
            "content_type": 9,
            "codename": "delete_groupcollectionpermission"
        }
    },
    {
        "model": "auth.permission",
        "pk": 24,
        "fields": {
            "name": "Can view group collection permission",
            "content_type": 9,
            "codename": "view_groupcollectionpermission"
        }
    },
    {
        "model": "auth.permission",
        "pk": 25,
        "fields": {
            "name": "Can add reference index",
            "content_type": 10,
            "codename": "add_referenceindex"
        }
    },
    {
        "model": "auth.permission",
        "pk": 26,
        "fields": {
            "name": "Can change reference index",
            "content_type": 10,
            "codename": "change_referenceindex"
        }
    },
    {
        "model": "auth.permission",
        "pk": 27,
        "fields": {
            "name": "Can delete reference index",
            "content_type": 10,
            "codename": "delete_referenceindex"
        }
    },
    {
        "model": "auth.permission",
        "pk": 28,
        "fields": {
            "name": "Can view reference index",
            "content_type": 10,
            "codename": "view_referenceindex"
        }
    },
    {
        "model": "auth.permission",
        "pk": 29,
        "fields": {
            "name": "Can add page",
            "content_type": 1,
            "codename": "add_page"
        }
    },
    {
        "model": "auth.permission",
        "pk": 30,
        "fields": {
            "name": "Can change page",
            "content_type": 1,
            "codename": "change_page"
        }
    },
    {
        "model": "auth.permission",
        "pk": 31,
        "fields": {
            "name": "Can delete page",
            "content_type": 1,
            "codename": "delete_page"
        }
    },
    {
        "model": "auth.permission",
        "pk": 32,
        "fields": {
            "name": "Can view page",
            "content_type": 1,
            "codename": "view_page"
        }
    },
    {
        "model": "auth.permission",
        "pk": 33,
        "fields": {
            "name": "Delete pages with children",
            "content_type": 1,
            "codename": "bulk_delete_page"
        }
    },
    {
        "model": "auth.permission",
        "pk": 34,
        "fields": {
            "name": "Lock/unlock pages you've locked",
            "content_type": 1,
            "codename": "lock_page"
        }
    },
    {
        "model": "auth.permission",
        "pk": 35,
        "fields": {
            "name": "Publish any page",
            "content_type": 1,
            "codename": "publish_page"
        }
    },
    {
        "model": "auth.permission",
        "pk": 36,
        "fields": {
            "name": "Unlock any page",
            "content_type": 1,
            "codename": "unlock_page"
        }
    },
    {
        "model": "auth.permission",
        "pk": 37,
        "fields": {
            "name": "Can add revision",
            "content_type": 11,
            "codename": "add_revision"
        }
    },
    {
        "model": "auth.permission",
        "pk": 38,
        "fields": {
            "name": "Can change revision",
            "content_type": 11,
            "codename": "change_revision"
        }
    },
    {
        "model": "auth.permission",
        "pk": 39,
        "fields": {
            "name": "Can delete revision",
            "content_type": 11,
            "codename": "delete_revision"
        }
    },
    {
        "model": "auth.permission",
        "pk": 40,
        "fields": {
            "name": "Can view revision",
            "content_type": 11,
            "codename": "view_revision"
        }
    },
    {
        "model": "auth.permission",
        "pk": 41,
        "fields": {
            "name": "Can add group page permission",
            "content_type": 12,
            "codename": "add_grouppagepermission"
        }
    },
    {
        "model": "auth.permission",
        "pk": 42,
        "fields": {
            "name": "Can change group page permission",
            "content_type": 12,
            "codename": "change_grouppagepermission"
        }
    },
    {
        "model": "auth.permission",
        "pk": 43,
        "fields": {
            "name": "Can delete group page permission",
            "content_type": 12,
            "codename": "delete_grouppagepermission"
        }
    },
    {
        "model": "auth.permission",
        "pk": 44,
        "fields": {
            "name": "Can view group page permission",
            "content_type": 12,
            "codename": "view_grouppagepermission"
        }
    },
    {
        "model": "auth.permission",
        "pk": 45,
        "fields": {
            "name": "Can add page view restriction",
            "content_type": 13,
            "codename": "add_pageviewrestriction"
        }
    },
    {
        "model": "auth.permission",
        "pk": 46,
        "fields": {
            "name": "Can change page view restriction",
            "content_type": 13,
            "codename": "change_pageviewrestriction"
        }
    },
    {
        "model": "auth.permission",
        "pk": 47,
        "fields": {
            "name": "Can delete page view restriction",
            "content_type": 13,
            "codename": "delete_pageviewrestriction"
        }
    },
    {
        "model": "auth.permission",
        "pk": 48,
        "fields": {
            "name": "Can view page view restriction",
            "content_type": 13,
            "codename": "view_pageviewrestriction"
        }
    },
    {
        "model": "auth.permission",
        "pk": 49,
        "fields": {
            "name": "Can add workflow page",
            "content_type": 14,
            "codename": "add_workflowpage"
        }
    },
    {
        "model": "auth.permission",
        "pk": 50,
        "fields": {
            "name": "Can change workflow page",
            "content_type": 14,
            "codename": "change_workflowpage"
        }
    },
    {
        "model": "auth.permission",
        "pk": 51,
        "fields": {
            "name": "Can delete workflow page",
            "content_type": 14,
            "codename": "delete_workflowpage"
        }
    },
    {
        "model": "auth.permission",
        "pk": 52,
        "fields": {
            "name": "Can view workflow page",
            "content_type": 14,
            "codename": "view_workflowpage"
        }
    },
    {
        "model": "auth.permission",
        "pk": 53,
        "fields": {
            "name": "Can add workflow content type",
            "content_type": 15,
            "codename": "add_workflowcontenttype"
        }
    },
    {
        "model": "auth.permission",
        "pk": 54,
        "fields": {
            "name": "Can change workflow content type",
            "content_type": 15,
            "codename": "change_workflowcontenttype"
        }
    },
    {
        "model": "auth.permission",
        "pk": 55,
        "fields": {
            "name": "Can delete workflow content type",
            "content_type": 15,
            "codename": "delete_workflowcontenttype"
        }
    },
    {
        "model": "auth.permission",
        "pk": 56,
        "fields": {
            "name": "Can view workflow content type",
            "content_type": 15,
            "codename": "view_workflowcontenttype"
        }
    },
    {
        "model": "auth.permission",
        "pk": 57,
        "fields": {
            "name": "Can add workflow task order",
            "content_type": 16,
            "codename": "add_workflowtask"
        }
    },
    {
        "model": "auth.permission",
        "pk": 58,
        "fields": {
            "name": "Can change workflow task order",
            "content_type": 16,
            "codename": "change_workflowtask"
        }
    },
    {
        "model": "auth.permission",
        "pk": 59,
        "fields": {
            "name": "Can delete workflow task order",
            "content_type": 16,
            "codename": "delete_workflowtask"
        }
    },
    {
        "model": "auth.permission",
        "pk": 60,
        "fields": {
            "name": "Can view workflow task order",
            "content_type": 16,
            "codename": "view_workflowtask"
        }
    },
    {
        "model": "auth.permission",
        "pk": 61,
        "fields": {
            "name": "Can add task",
            "content_type": 17,
            "codename": "add_task"
        }
    },
    {
        "model": "auth.permission",
        "pk": 62,
        "fields": {
            "name": "Can change task",
            "content_type": 17,
            "codename": "change_task"
        }
    },
    {
        "model": "auth.permission",
        "pk": 63,
        "fields": {
            "name": "Can delete task",
            "content_type": 17,
            "codename": "delete_task"
        }
    },
    {
        "model": "auth.permission",
        "pk": 64,
        "fields": {
            "name": "Can view task",
            "content_type": 17,
            "codename": "view_task"
        }
    },
    {
        "model": "auth.permission",
        "pk": 65,
        "fields": {
            "name": "Can add workflow",
            "content_type": 18,
            "codename": "add_workflow"
        }
    },
    {
        "model": "auth.permission",
        "pk": 66,
        "fields": {
            "name": "Can change workflow",
            "content_type": 18,
            "codename": "change_workflow"
        }
    },
    {
        "model": "auth.permission",
        "pk": 67,
        "fields": {
            "name": "Can delete workflow",
            "content_type": 18,
            "codename": "delete_workflow"
        }
    },
    {
        "model": "auth.permission",
        "pk": 68,
        "fields": {
            "name": "Can view workflow",
            "content_type": 18,
            "codename": "view_workflow"
        }
    },
    {
        "model": "auth.permission",
        "pk": 69,
        "fields": {
            "name": "Can add Group approval task",
            "content_type": 2,
            "codename": "add_groupapprovaltask"
        }
    },
    {
        "model": "auth.permission",
        "pk": 70,
        "fields": {
            "name": "Can change Group approval task",
            "content_type": 2,
            "codename": "change_groupapprovaltask"
        }
    },
    {
        "model": "auth.permission",
        "pk": 71,
        "fields": {
            "name": "Can delete Group approval task",
            "content_type": 2,
            "codename": "delete_groupapprovaltask"
        }
    },
    {
        "model": "auth.permission",
        "pk": 72,
        "fields": {
            "name": "Can view Group approval task",
            "content_type": 2,
            "codename": "view_groupapprovaltask"
        }
    },
    {
        "model": "auth.permission",
        "pk": 73,
        "fields": {
            "name": "Can add Workflow state",
            "content_type": 19,
            "codename": "add_workflowstate"
        }
    },
    {
        "model": "auth.permission",
        "pk": 74,
        "fields": {
            "name": "Can change Workflow state",
            "content_type": 19,
            "codename": "change_workflowstate"
        }
    },
    {
        "model": "auth.permission",
        "pk": 75,
        "fields": {
            "name": "Can delete Workflow state",
            "content_type": 19,
            "codename": "delete_workflowstate"
        }
    },
    {
        "model": "auth.permission",
        "pk": 76,
        "fields": {
            "name": "Can view Workflow state",
            "content_type": 19,
            "codename": "view_workflowstate"
        }
    },
    {
        "model": "auth.permission",
        "pk": 77,
        "fields": {
            "name": "Can add Task state",
            "content_type": 20,
            "codename": "add_taskstate"
        }
    },
    {
        "model": "auth.permission",
        "pk": 78,
        "fields": {
            "name": "Can change Task state",
            "content_type": 20,
            "codename": "change_taskstate"
        }
    },
    {
        "model": "auth.permission",
        "pk": 79,
        "fields": {
            "name": "Can delete Task state",
            "content_type": 20,
            "codename": "delete_taskstate"
        }
    },
    {
        "model": "auth.permission",
        "pk": 80,
        "fields": {
            "name": "Can view Task state",
            "content_type": 20,
            "codename": "view_taskstate"
        }
    },
    {
        "model": "auth.permission",
        "pk": 81,
        "fields": {
            "name": "Can add page log entry",
            "content_type": 21,
            "codename": "add_pagelogentry"
        }
    },
    {
        "model": "auth.permission",
        "pk": 82,
        "fields": {
            "name": "Can change page log entry",
            "content_type": 21,
            "codename": "change_pagelogentry"
        }
    },
    {
        "model": "auth.permission",
        "pk": 83,
        "fields": {
            "name": "Can delete page log entry",
            "content_type": 21,
            "codename": "delete_pagelogentry"
        }
    },
    {
        "model": "auth.permission",
        "pk": 84,
        "fields": {
            "name": "Can view page log entry",
            "content_type": 21,
            "codename": "view_pagelogentry"
        }
    },
    {
        "model": "auth.permission",
        "pk": 85,
        "fields": {
            "name": "Can add comment",
            "content_type": 22,
            "codename": "add_comment"
        }
    },
    {
        "model": "auth.permission",
        "pk": 86,
        "fields": {
            "name": "Can change comment",
            "content_type": 22,
            "codename": "change_comment"
        }
    },
    {
        "model": "auth.permission",
        "pk": 87,
        "fields": {
            "name": "Can delete comment",
            "content_type": 22,
            "codename": "delete_comment"
        }
    },
    {
        "model": "auth.permission",
        "pk": 88,
        "fields": {
            "name": "Can view comment",
            "content_type": 22,
            "codename": "view_comment"
        }
    },
    {
        "model": "auth.permission",
        "pk": 89,
        "fields": {
            "name": "Can add comment reply",
            "content_type": 23,
            "codename": "add_commentreply"
        }
    },
    {
        "model": "auth.permission",
        "pk": 90,
        "fields": {
            "name": "Can change comment reply",
            "content_type": 23,
            "codename": "change_commentreply"
        }
    },
    {
        "model": "auth.permission",
        "pk": 91,
        "fields": {
            "name": "Can delete comment reply",
            "content_type": 23,
            "codename": "delete_commentreply"
        }
    },
    {
        "model": "auth.permission",
        "pk": 92,
        "fields": {
            "name": "Can view comment reply",
            "content_type": 23,
            "codename": "view_commentreply"
        }
    },
    {
        "model": "auth.permission",
        "pk": 93,
        "fields": {
            "name": "Can add page subscription",
            "content_type": 24,
            "codename": "add_pagesubscription"
        }
    },
    {
        "model": "auth.permission",
        "pk": 94,
        "fields": {
            "name": "Can change page subscription",
            "content_type": 24,
            "codename": "change_pagesubscription"
        }
    },
    {
        "model": "auth.permission",
        "pk": 95,
        "fields": {
            "name": "Can delete page subscription",
            "content_type": 24,
            "codename": "delete_pagesubscription"
        }
    },
    {
        "model": "auth.permission",
        "pk": 96,
        "fields": {
            "name": "Can view page subscription",
            "content_type": 24,
            "codename": "view_pagesubscription"
        }
    },
    {
        "model": "auth.permission",
        "pk": 97,
        "fields": {
            "name": "Can submit translations",
            "content_type": 25,
            "codename": "submit_translation"
        }
    },
    {
        "model": "auth.permission",
        "pk": 98,
        "fields": {
            "name": "Can access Wagtail admin",
            "content_type": 26,
            "codename": "access_admin"
        }
    },
    {
        "model": "auth.permission",
        "pk": 99,
        "fields": {
            "name": "Can add document",
            "content_type": 27,
            "codename": "add_document"
        }
    },
    {
        "model": "auth.permission",
        "pk": 100,
        "fields": {
            "name": "Can change document",
            "content_type": 27,
            "codename": "change_document"
        }
    },
    {
        "model": "auth.permission",
        "pk": 101,
        "fields": {
            "name": "Can delete document",
            "content_type": 27,
            "codename": "delete_document"
        }
    },
    {
        "model": "auth.permission",
        "pk": 102,
        "fields": {
            "name": "Can choose document",
            "content_type": 27,
            "codename": "choose_document"
        }
    },
    {
        "model": "auth.permission",
        "pk": 103,
        "fields": {
            "name": "Can add image",
            "content_type": 28,
            "codename": "add_image"
        }
    },
    {
        "model": "auth.permission",
        "pk": 104,
        "fields": {
            "name": "Can change image",
            "content_type": 28,
            "codename": "change_image"
        }
    },
    {
        "model": "auth.permission",
        "pk": 105,
        "fields": {
            "name": "Can delete image",
            "content_type": 28,
            "codename": "delete_image"
        }
    },
    {
        "model": "auth.permission",
        "pk": 106,
        "fields": {
            "name": "Can choose image",
            "content_type": 28,
            "codename": "choose_image"
        }
    },
    {
        "model": "auth.permission",
        "pk": 107,
        "fields": {
            "name": "Can add band index page",
            "content_type": 29,
            "codename": "add_bandindexpage"
        }
    },
    {
        "model": "auth.permission",
        "pk": 108,
        "fields": {
            "name": "Can change band index page",
            "content_type": 29,
            "codename": "change_bandindexpage"
        }
    },
    {
        "model": "auth.permission",
        "pk": 109,
        "fields": {
            "name": "Can delete band index page",
            "content_type": 29,
            "codename": "delete_bandindexpage"
        }
    },
    {
        "model": "auth.permission",
        "pk": 110,
        "fields": {
            "name": "Can view band index page",
            "content_type": 29,
            "codename": "view_bandindexpage"
        }
    },
    {
        "model": "auth.permission",
        "pk": 111,
        "fields": {
            "name": "Can add music index page",
            "content_type": 30,
            "codename": "add_musicindexpage"
        }
    },
    {
        "model": "auth.permission",
        "pk": 112,
        "fields": {
            "name": "Can change music index page",
            "content_type": 30,
            "codename": "change_musicindexpage"
        }
    },
    {
        "model": "auth.permission",
        "pk": 113,
        "fields": {
            "name": "Can delete music index page",
            "content_type": 30,
            "codename": "delete_musicindexpage"
        }
    },
    {
        "model": "auth.permission",
        "pk": 114,
        "fields": {
            "name": "Can view music index page",
            "content_type": 30,
            "codename": "view_musicindexpage"
        }
    },
    {
        "model": "auth.permission",
        "pk": 115,
        "fields": {
            "name": "Can add tour index page",
            "content_type": 31,
            "codename": "add_tourindexpage"
        }
    },
    {
        "model": "auth.permission",
        "pk": 116,
        "fields": {
            "name": "Can change tour index page",
            "content_type": 31,
            "codename": "change_tourindexpage"
        }
    },
    {
        "model": "auth.permission",
        "pk": 117,
        "fields": {
            "name": "Can delete tour index page",
            "content_type": 31,
            "codename": "delete_tourindexpage"
        }
    },
    {
        "model": "auth.permission",
        "pk": 118,
        "fields": {
            "name": "Can view tour index page",
            "content_type": 31,
            "codename": "view_tourindexpage"
        }
    },
    {
        "model": "auth.permission",
        "pk": 119,
        "fields": {
            "name": "Can add news index page",
            "content_type": 32,
            "codename": "add_newsindexpage"
        }
    },
    {
        "model": "auth.permission",
        "pk": 120,
        "fields": {
            "name": "Can change news index page",
            "content_type": 32,
            "codename": "change_newsindexpage"
        }
    },
    {
        "model": "auth.permission",
        "pk": 121,
        "fields": {
            "name": "Can delete news index page",
            "content_type": 32,
            "codename": "delete_newsindexpage"
        }
    },
    {
        "model": "auth.permission",
        "pk": 122,
        "fields": {
            "name": "Can view news index page",
            "content_type": 32,
            "codename": "view_newsindexpage"
        }
    },
    {
        "model": "auth.permission",
        "pk": 123,
        "fields": {
            "name": "Can add shop index page",
            "content_type": 33,
            "codename": "add_shopindexpage"
        }
    },
    {
        "model": "auth.permission",
        "pk": 124,
        "fields": {
            "name": "Can change shop index page",
            "content_type": 33,
            "codename": "change_shopindexpage"
        }
    },
    {
        "model": "auth.permission",
        "pk": 125,
        "fields": {
            "name": "Can delete shop index page",
            "content_type": 33,
            "codename": "delete_shopindexpage"
        }
    },
    {
        "model": "auth.permission",
        "pk": 126,
        "fields": {
            "name": "Can view shop index page",
            "content_type": 33,
            "codename": "view_shopindexpage"
        }
    },
    {
        "model": "auth.permission",
        "pk": 127,
        "fields": {
            "name": "Can add home page",
            "content_type": 3,
            "codename": "add_homepage"
        }
    },
    {
        "model": "auth.permission",
        "pk": 128,
        "fields": {
            "name": "Can change home page",
            "content_type": 3,
            "codename": "change_homepage"
        }
    },
    {
        "model": "auth.permission",
        "pk": 129,
        "fields": {
            "name": "Can delete home page",
            "content_type": 3,
            "codename": "delete_homepage"
        }
    },
    {
        "model": "auth.permission",
        "pk": 130,
        "fields": {
            "name": "Can view home page",
            "content_type": 3,
            "codename": "view_homepage"
        }
    },
    {
        "model": "auth.permission",
        "pk": 131,
        "fields": {
            "name": "Can add string",
            "content_type": 34,
            "codename": "add_string"
        }
    },
    {
        "model": "auth.permission",
        "pk": 132,
        "fields": {
            "name": "Can change string",
            "content_type": 34,
            "codename": "change_string"
        }
    },
    {
        "model": "auth.permission",
        "pk": 133,
        "fields": {
            "name": "Can delete string",
            "content_type": 34,
            "codename": "delete_string"
        }
    },
    {
        "model": "auth.permission",
        "pk": 134,
        "fields": {
            "name": "Can view string",
            "content_type": 34,
            "codename": "view_string"
        }
    },
    {
        "model": "auth.permission",
        "pk": 135,
        "fields": {
            "name": "Can add template",
            "content_type": 35,
            "codename": "add_template"
        }
    },
    {
        "model": "auth.permission",
        "pk": 136,
        "fields": {
            "name": "Can change template",
            "content_type": 35,
            "codename": "change_template"
        }
    },
    {
        "model": "auth.permission",
        "pk": 137,
        "fields": {
            "name": "Can delete template",
            "content_type": 35,
            "codename": "delete_template"
        }
    },
    {
        "model": "auth.permission",
        "pk": 138,
        "fields": {
            "name": "Can view template",
            "content_type": 35,
            "codename": "view_template"
        }
    },
    {
        "model": "auth.permission",
        "pk": 139,
        "fields": {
            "name": "Can add translatable object",
            "content_type": 36,
            "codename": "add_translatableobject"
        }
    },
    {
        "model": "auth.permission",
        "pk": 140,
        "fields": {
            "name": "Can change translatable object",
            "content_type": 36,
            "codename": "change_translatableobject"
        }
    },
    {
        "model": "auth.permission",
        "pk": 141,
        "fields": {
            "name": "Can delete translatable object",
            "content_type": 36,
            "codename": "delete_translatableobject"
        }
    },
    {
        "model": "auth.permission",
        "pk": 142,
        "fields": {
            "name": "Can view translatable object",
            "content_type": 36,
            "codename": "view_translatableobject"
        }
    },
    {
        "model": "auth.permission",
        "pk": 143,
        "fields": {
            "name": "Can add translation source",
            "content_type": 37,
            "codename": "add_translationsource"
        }
    },
    {
        "model": "auth.permission",
        "pk": 144,
        "fields": {
            "name": "Can change translation source",
            "content_type": 37,
            "codename": "change_translationsource"
        }
    },
    {
        "model": "auth.permission",
        "pk": 145,
        "fields": {
            "name": "Can delete translation source",
            "content_type": 37,
            "codename": "delete_translationsource"
        }
    },
    {
        "model": "auth.permission",
        "pk": 146,
        "fields": {
            "name": "Can view translation source",
            "content_type": 37,
            "codename": "view_translationsource"
        }
    },
    {
        "model": "auth.permission",
        "pk": 147,
        "fields": {
            "name": "Can add translation log",
            "content_type": 38,
            "codename": "add_translationlog"
        }
    },
    {
        "model": "auth.permission",
        "pk": 148,
        "fields": {
            "name": "Can change translation log",
            "content_type": 38,
            "codename": "change_translationlog"
        }
    },
    {
        "model": "auth.permission",
        "pk": 149,
        "fields": {
            "name": "Can delete translation log",
            "content_type": 38,
            "codename": "delete_translationlog"
        }
    },
    {
        "model": "auth.permission",
        "pk": 150,
        "fields": {
            "name": "Can view translation log",
            "content_type": 38,
            "codename": "view_translationlog"
        }
    },
    {
        "model": "auth.permission",
        "pk": 151,
        "fields": {
            "name": "Can add translation context",
            "content_type": 39,
            "codename": "add_translationcontext"
        }
    },
    {
        "model": "auth.permission",
        "pk": 152,
        "fields": {
            "name": "Can change translation context",
            "content_type": 39,
            "codename": "change_translationcontext"
        }
    },
    {
        "model": "auth.permission",
        "pk": 153,
        "fields": {
            "name": "Can delete translation context",
            "content_type": 39,
            "codename": "delete_translationcontext"
        }
    },
    {
        "model": "auth.permission",
        "pk": 154,
        "fields": {
            "name": "Can view translation context",
            "content_type": 39,
            "codename": "view_translationcontext"
        }
    },
    {
        "model": "auth.permission",
        "pk": 155,
        "fields": {
            "name": "Can add template segment",
            "content_type": 40,
            "codename": "add_templatesegment"
        }
    },
    {
        "model": "auth.permission",
        "pk": 156,
        "fields": {
            "name": "Can change template segment",
            "content_type": 40,
            "codename": "change_templatesegment"
        }
    },
    {
        "model": "auth.permission",
        "pk": 157,
        "fields": {
            "name": "Can delete template segment",
            "content_type": 40,
            "codename": "delete_templatesegment"
        }
    },
    {
        "model": "auth.permission",
        "pk": 158,
        "fields": {
            "name": "Can view template segment",
            "content_type": 40,
            "codename": "view_templatesegment"
        }
    },
    {
        "model": "auth.permission",
        "pk": 159,
        "fields": {
            "name": "Can add string segment",
            "content_type": 41,
            "codename": "add_stringsegment"
        }
    },
    {
        "model": "auth.permission",
        "pk": 160,
        "fields": {
            "name": "Can change string segment",
            "content_type": 41,
            "codename": "change_stringsegment"
        }
    },
    {
        "model": "auth.permission",
        "pk": 161,
        "fields": {
            "name": "Can delete string segment",
            "content_type": 41,
            "codename": "delete_stringsegment"
        }
    },
    {
        "model": "auth.permission",
        "pk": 162,
        "fields": {
            "name": "Can view string segment",
            "content_type": 41,
            "codename": "view_stringsegment"
        }
    },
    {
        "model": "auth.permission",
        "pk": 163,
        "fields": {
            "name": "Can add related object segment",
            "content_type": 42,
            "codename": "add_relatedobjectsegment"
        }
    },
    {
        "model": "auth.permission",
        "pk": 164,
        "fields": {
            "name": "Can change related object segment",
            "content_type": 42,
            "codename": "change_relatedobjectsegment"
        }
    },
    {
        "model": "auth.permission",
        "pk": 165,
        "fields": {
            "name": "Can delete related object segment",
            "content_type": 42,
            "codename": "delete_relatedobjectsegment"
        }
    },
    {
        "model": "auth.permission",
        "pk": 166,
        "fields": {
            "name": "Can view related object segment",
            "content_type": 42,
            "codename": "view_relatedobjectsegment"
        }
    },
    {
        "model": "auth.permission",
        "pk": 167,
        "fields": {
            "name": "Can add string translation",
            "content_type": 43,
            "codename": "add_stringtranslation"
        }
    },
    {
        "model": "auth.permission",
        "pk": 168,
        "fields": {
            "name": "Can change string translation",
            "content_type": 43,
            "codename": "change_stringtranslation"
        }
    },
    {
        "model": "auth.permission",
        "pk": 169,
        "fields": {
            "name": "Can delete string translation",
            "content_type": 43,
            "codename": "delete_stringtranslation"
        }
    },
    {
        "model": "auth.permission",
        "pk": 170,
        "fields": {
            "name": "Can view string translation",
            "content_type": 43,
            "codename": "view_stringtranslation"
        }
    },
    {
        "model": "auth.permission",
        "pk": 171,
        "fields": {
            "name": "Can add translation",
            "content_type": 25,
            "codename": "add_translation"
        }
    },
    {
        "model": "auth.permission",
        "pk": 172,
        "fields": {
            "name": "Can change translation",
            "content_type": 25,
            "codename": "change_translation"
        }
    },
    {
        "model": "auth.permission",
        "pk": 173,
        "fields": {
            "name": "Can delete translation",
            "content_type": 25,
            "codename": "delete_translation"
        }
    },
    {
        "model": "auth.permission",
        "pk": 174,
        "fields": {
            "name": "Can view translation",
            "content_type": 25,
            "codename": "view_translation"
        }
    },
    {
        "model": "auth.permission",
        "pk": 175,
        "fields": {
            "name": "Can add overridable segment",
            "content_type": 44,
            "codename": "add_overridablesegment"
        }
    },
    {
        "model": "auth.permission",
        "pk": 176,
        "fields": {
            "name": "Can change overridable segment",
            "content_type": 44,
            "codename": "change_overridablesegment"
        }
    },
    {
        "model": "auth.permission",
        "pk": 177,
        "fields": {
            "name": "Can delete overridable segment",
            "content_type": 44,
            "codename": "delete_overridablesegment"
        }
    },
    {
        "model": "auth.permission",
        "pk": 178,
        "fields": {
            "name": "Can view overridable segment",
            "content_type": 44,
            "codename": "view_overridablesegment"
        }
    },
    {
        "model": "auth.permission",
        "pk": 179,
        "fields": {
            "name": "Can add segment override",
            "content_type": 45,
            "codename": "add_segmentoverride"
        }
    },
    {
        "model": "auth.permission",
        "pk": 180,
        "fields": {
            "name": "Can change segment override",
            "content_type": 45,
            "codename": "change_segmentoverride"
        }
    },
    {
        "model": "auth.permission",
        "pk": 181,
        "fields": {
            "name": "Can delete segment override",
            "content_type": 45,
            "codename": "delete_segmentoverride"
        }
    },
    {
        "model": "auth.permission",
        "pk": 182,
        "fields": {
            "name": "Can view segment override",
            "content_type": 45,
            "codename": "view_segmentoverride"
        }
    },
    {
        "model": "auth.permission",
        "pk": 183,
        "fields": {
            "name": "Can add locale synchronization",
            "content_type": 46,
            "codename": "add_localesynchronization"
        }
    },
    {
        "model": "auth.permission",
        "pk": 184,
        "fields": {
            "name": "Can change locale synchronization",
            "content_type": 46,
            "codename": "change_localesynchronization"
        }
    },
    {
        "model": "auth.permission",
        "pk": 185,
        "fields": {
            "name": "Can delete locale synchronization",
            "content_type": 46,
            "codename": "delete_localesynchronization"
        }
    },
    {
        "model": "auth.permission",
        "pk": 186,
        "fields": {
            "name": "Can view locale synchronization",
            "content_type": 46,
            "codename": "view_localesynchronization"
        }
    },
    {
        "model": "auth.permission",
        "pk": 187,
        "fields": {
            "name": "Can add form submission",
            "content_type": 47,
            "codename": "add_formsubmission"
        }
    },
    {
        "model": "auth.permission",
        "pk": 188,
        "fields": {
            "name": "Can change form submission",
            "content_type": 47,
            "codename": "change_formsubmission"
        }
    },
    {
        "model": "auth.permission",
        "pk": 189,
        "fields": {
            "name": "Can delete form submission",
            "content_type": 47,
            "codename": "delete_formsubmission"
        }
    },
    {
        "model": "auth.permission",
        "pk": 190,
        "fields": {
            "name": "Can view form submission",
            "content_type": 47,
            "codename": "view_formsubmission"
        }
    },
    {
        "model": "auth.permission",
        "pk": 191,
        "fields": {
            "name": "Can add redirect",
            "content_type": 48,
            "codename": "add_redirect"
        }
    },
    {
        "model": "auth.permission",
        "pk": 192,
        "fields": {
            "name": "Can change redirect",
            "content_type": 48,
            "codename": "change_redirect"
        }
    },
    {
        "model": "auth.permission",
        "pk": 193,
        "fields": {
            "name": "Can delete redirect",
            "content_type": 48,
            "codename": "delete_redirect"
        }
    },
    {
        "model": "auth.permission",
        "pk": 194,
        "fields": {
            "name": "Can view redirect",
            "content_type": 48,
            "codename": "view_redirect"
        }
    },
    {
        "model": "auth.permission",
        "pk": 195,
        "fields": {
            "name": "Can add user profile",
            "content_type": 49,
            "codename": "add_userprofile"
        }
    },
    {
        "model": "auth.permission",
        "pk": 196,
        "fields": {
            "name": "Can change user profile",
            "content_type": 49,
            "codename": "change_userprofile"
        }
    },
    {
        "model": "auth.permission",
        "pk": 197,
        "fields": {
            "name": "Can delete user profile",
            "content_type": 49,
            "codename": "delete_userprofile"
        }
    },
    {
        "model": "auth.permission",
        "pk": 198,
        "fields": {
            "name": "Can view user profile",
            "content_type": 49,
            "codename": "view_userprofile"
        }
    },
    {
        "model": "auth.permission",
        "pk": 199,
        "fields": {
            "name": "Can view document",
            "content_type": 27,
            "codename": "view_document"
        }
    },
    {
        "model": "auth.permission",
        "pk": 200,
        "fields": {
            "name": "Can add uploaded document",
            "content_type": 50,
            "codename": "add_uploadeddocument"
        }
    },
    {
        "model": "auth.permission",
        "pk": 201,
        "fields": {
            "name": "Can change uploaded document",
            "content_type": 50,
            "codename": "change_uploadeddocument"
        }
    },
    {
        "model": "auth.permission",
        "pk": 202,
        "fields": {
            "name": "Can delete uploaded document",
            "content_type": 50,
            "codename": "delete_uploadeddocument"
        }
    },
    {
        "model": "auth.permission",
        "pk": 203,
        "fields": {
            "name": "Can view uploaded document",
            "content_type": 50,
            "codename": "view_uploadeddocument"
        }
    },
    {
        "model": "auth.permission",
        "pk": 204,
        "fields": {
            "name": "Can view image",
            "content_type": 28,
            "codename": "view_image"
        }
    },
    {
        "model": "auth.permission",
        "pk": 205,
        "fields": {
            "name": "Can add rendition",
            "content_type": 51,
            "codename": "add_rendition"
        }
    },
    {
        "model": "auth.permission",
        "pk": 206,
        "fields": {
            "name": "Can change rendition",
            "content_type": 51,
            "codename": "change_rendition"
        }
    },
    {
        "model": "auth.permission",
        "pk": 207,
        "fields": {
            "name": "Can delete rendition",
            "content_type": 51,
            "codename": "delete_rendition"
        }
    },
    {
        "model": "auth.permission",
        "pk": 208,
        "fields": {
            "name": "Can view rendition",
            "content_type": 51,
            "codename": "view_rendition"
        }
    },
    {
        "model": "auth.permission",
        "pk": 209,
        "fields": {
            "name": "Can add uploaded image",
            "content_type": 52,
            "codename": "add_uploadedimage"
        }
    },
    {
        "model": "auth.permission",
        "pk": 210,
        "fields": {
            "name": "Can change uploaded image",
            "content_type": 52,
            "codename": "change_uploadedimage"
        }
    },
    {
        "model": "auth.permission",
        "pk": 211,
        "fields": {
            "name": "Can delete uploaded image",
            "content_type": 52,
            "codename": "delete_uploadedimage"
        }
    },
    {
        "model": "auth.permission",
        "pk": 212,
        "fields": {
            "name": "Can view uploaded image",
            "content_type": 52,
            "codename": "view_uploadedimage"
        }
    },
    {
        "model": "auth.permission",
        "pk": 213,
        "fields": {
            "name": "Can add query",
            "content_type": 53,
            "codename": "add_query"
        }
    },
    {
        "model": "auth.permission",
        "pk": 214,
        "fields": {
            "name": "Can change query",
            "content_type": 53,
            "codename": "change_query"
        }
    },
    {
        "model": "auth.permission",
        "pk": 215,
        "fields": {
            "name": "Can delete query",
            "content_type": 53,
            "codename": "delete_query"
        }
    },
    {
        "model": "auth.permission",
        "pk": 216,
        "fields": {
            "name": "Can view query",
            "content_type": 53,
            "codename": "view_query"
        }
    },
    {
        "model": "auth.permission",
        "pk": 217,
        "fields": {
            "name": "Can add Query Daily Hits",
            "content_type": 54,
            "codename": "add_querydailyhits"
        }
    },
    {
        "model": "auth.permission",
        "pk": 218,
        "fields": {
            "name": "Can change Query Daily Hits",
            "content_type": 54,
            "codename": "change_querydailyhits"
        }
    },
    {
        "model": "auth.permission",
        "pk": 219,
        "fields": {
            "name": "Can delete Query Daily Hits",
            "content_type": 54,
            "codename": "delete_querydailyhits"
        }
    },
    {
        "model": "auth.permission",
        "pk": 220,
        "fields": {
            "name": "Can view Query Daily Hits",
            "content_type": 54,
            "codename": "view_querydailyhits"
        }
    },
    {
        "model": "auth.permission",
        "pk": 221,
        "fields": {
            "name": "Can add index entry",
            "content_type": 55,
            "codename": "add_indexentry"
        }
    },
    {
        "model": "auth.permission",
        "pk": 222,
        "fields": {
            "name": "Can change index entry",
            "content_type": 55,
            "codename": "change_indexentry"
        }
    },
    {
        "model": "auth.permission",
        "pk": 223,
        "fields": {
            "name": "Can delete index entry",
            "content_type": 55,
            "codename": "delete_indexentry"
        }
    },
    {
        "model": "auth.permission",
        "pk": 224,
        "fields": {
            "name": "Can view index entry",
            "content_type": 55,
            "codename": "view_indexentry"
        }
    },
    {
        "model": "auth.permission",
        "pk": 225,
        "fields": {
            "name": "Can add sqliteftsindexentry",
            "content_type": 56,
            "codename": "add_sqliteftsindexentry"
        }
    },
    {
        "model": "auth.permission",
        "pk": 226,
        "fields": {
            "name": "Can change sqliteftsindexentry",
            "content_type": 56,
            "codename": "change_sqliteftsindexentry"
        }
    },
    {
        "model": "auth.permission",
        "pk": 227,
        "fields": {
            "name": "Can delete sqliteftsindexentry",
            "content_type": 56,
            "codename": "delete_sqliteftsindexentry"
        }
    },
    {
        "model": "auth.permission",
        "pk": 228,
        "fields": {
            "name": "Can view sqliteftsindexentry",
            "content_type": 56,
            "codename": "view_sqliteftsindexentry"
        }
    },
    {
        "model": "auth.permission",
        "pk": 229,
        "fields": {
            "name": "Can add tag",
            "content_type": 57,
            "codename": "add_tag"
        }
    },
    {
        "model": "auth.permission",
        "pk": 230,
        "fields": {
            "name": "Can change tag",
            "content_type": 57,
            "codename": "change_tag"
        }
    },
    {
        "model": "auth.permission",
        "pk": 231,
        "fields": {
            "name": "Can delete tag",
            "content_type": 57,
            "codename": "delete_tag"
        }
    },
    {
        "model": "auth.permission",
        "pk": 232,
        "fields": {
            "name": "Can view tag",
            "content_type": 57,
            "codename": "view_tag"
        }
    },
    {
        "model": "auth.permission",
        "pk": 233,
        "fields": {
            "name": "Can add tagged item",
            "content_type": 58,
            "codename": "add_taggeditem"
        }
    },
    {
        "model": "auth.permission",
        "pk": 234,
        "fields": {
            "name": "Can change tagged item",
            "content_type": 58,
            "codename": "change_taggeditem"
        }
    },
    {
        "model": "auth.permission",
        "pk": 235,
        "fields": {
            "name": "Can delete tagged item",
            "content_type": 58,
            "codename": "delete_taggeditem"
        }
    },
    {
        "model": "auth.permission",
        "pk": 236,
        "fields": {
            "name": "Can view tagged item",
            "content_type": 58,
            "codename": "view_taggeditem"
        }
    },
    {
        "model": "auth.permission",
        "pk": 237,
        "fields": {
            "name": "Can add log entry",
            "content_type": 59,
            "codename": "add_logentry"
        }
    },
    {
        "model": "auth.permission",
        "pk": 238,
        "fields": {
            "name": "Can change log entry",
            "content_type": 59,
            "codename": "change_logentry"
        }
    },
    {
        "model": "auth.permission",
        "pk": 239,
        "fields": {
            "name": "Can delete log entry",
            "content_type": 59,
            "codename": "delete_logentry"
        }
    },
    {
        "model": "auth.permission",
        "pk": 240,
        "fields": {
            "name": "Can view log entry",
            "content_type": 59,
            "codename": "view_logentry"
        }
    },
    {
        "model": "auth.permission",
        "pk": 241,
        "fields": {
            "name": "Can add permission",
            "content_type": 60,
            "codename": "add_permission"
        }
    },
    {
        "model": "auth.permission",
        "pk": 242,
        "fields": {
            "name": "Can change permission",
            "content_type": 60,
            "codename": "change_permission"
        }
    },
    {
        "model": "auth.permission",
        "pk": 243,
        "fields": {
            "name": "Can delete permission",
            "content_type": 60,
            "codename": "delete_permission"
        }
    },
    {
        "model": "auth.permission",
        "pk": 244,
        "fields": {
            "name": "Can view permission",
            "content_type": 60,
            "codename": "view_permission"
        }
    },
    {
        "model": "auth.permission",
        "pk": 245,
        "fields": {
            "name": "Can add group",
            "content_type": 61,
            "codename": "add_group"
        }
    },
    {
        "model": "auth.permission",
        "pk": 246,
        "fields": {
            "name": "Can change group",
            "content_type": 61,
            "codename": "change_group"
        }
    },
    {
        "model": "auth.permission",
        "pk": 247,
        "fields": {
            "name": "Can delete group",
            "content_type": 61,
            "codename": "delete_group"
        }
    },
    {
        "model": "auth.permission",
        "pk": 248,
        "fields": {
            "name": "Can view group",
            "content_type": 61,
            "codename": "view_group"
        }
    },
    {
        "model": "auth.permission",
        "pk": 249,
        "fields": {
            "name": "Can add user",
            "content_type": 62,
            "codename": "add_user"
        }
    },
    {
        "model": "auth.permission",
        "pk": 250,
        "fields": {
            "name": "Can change user",
            "content_type": 62,
            "codename": "change_user"
        }
    },
    {
        "model": "auth.permission",
        "pk": 251,
        "fields": {
            "name": "Can delete user",
            "content_type": 62,
            "codename": "delete_user"
        }
    },
    {
        "model": "auth.permission",
        "pk": 252,
        "fields": {
            "name": "Can view user",
            "content_type": 62,
            "codename": "view_user"
        }
    },
    {
        "model": "auth.permission",
        "pk": 253,
        "fields": {
            "name": "Can add content type",
            "content_type": 63,
            "codename": "add_contenttype"
        }
    },
    {
        "model": "auth.permission",
        "pk": 254,
        "fields": {
            "name": "Can change content type",
            "content_type": 63,
            "codename": "change_contenttype"
        }
    },
    {
        "model": "auth.permission",
        "pk": 255,
        "fields": {
            "name": "Can delete content type",
            "content_type": 63,
            "codename": "delete_contenttype"
        }
    },
    {
        "model": "auth.permission",
        "pk": 256,
        "fields": {
            "name": "Can view content type",
            "content_type": 63,
            "codename": "view_contenttype"
        }
    },
    {
        "model": "auth.permission",
        "pk": 257,
        "fields": {
            "name": "Can add session",
            "content_type": 64,
            "codename": "add_session"
        }
    },
    {
        "model": "auth.permission",
        "pk": 258,
        "fields": {
            "name": "Can change session",
            "content_type": 64,
            "codename": "change_session"
        }
    },
    {
        "model": "auth.permission",
        "pk": 259,
        "fields": {
            "name": "Can delete session",
            "content_type": 64,
            "codename": "delete_session"
        }
    },
    {
        "model": "auth.permission",
        "pk": 260,
        "fields": {
            "name": "Can view session",
            "content_type": 64,
            "codename": "view_session"
        }
    },
    {
        "model": "auth.group",
        "pk": 1,
        "fields": {
            "name": "Moderators",
            "permissions": [
                97,
                98,
                99,
                100,
                102,
                101,
                103,
                104,
                106,
                105
            ]
        }
    },
    {
        "model": "auth.group",
        "pk": 2,
        "fields": {
            "name": "Editors",
            "permissions": [
                97,
                98,
                99,
                100,
                102,
                101,
                103,
                104,
                106,
                105
            ]
        }
    },
    {
        "model": "auth.user",
        "pk": 1,
        "fields": {
            "password": "pbkdf2_sha256$600000$CowazwydDFpS9R5ygaXCfq$HUP0sB+bLnPWzSlbYeG/U75jvSbKuShcisv8J2bbgNA=",
            "last_login": "2023-12-21T08:16:38.291Z",
            "is_superuser": true,
            "username": "ryan",
            "first_name": "",
            "last_name": "",
            "email": "",
            "is_staff": true,
            "is_active": true,
            "date_joined": "2023-12-21T08:14:30.291Z",
            "groups": [],
            "user_permissions": []
        }
    },
    {
        "model": "contenttypes.contenttype",
        "pk": 1,
        "fields": {
            "app_label": "wagtailcore",
            "model": "page"
        }
    },
    {
        "model": "contenttypes.contenttype",
        "pk": 2,
        "fields": {
            "app_label": "wagtailcore",
            "model": "groupapprovaltask"
        }
    },
    {
        "model": "contenttypes.contenttype",
        "pk": 3,
        "fields": {
            "app_label": "home",
            "model": "homepage"
        }
    },
    {
        "model": "contenttypes.contenttype",
        "pk": 4,
        "fields": {
            "app_label": "wagtailcore",
            "model": "locale"
        }
    },
    {
        "model": "contenttypes.contenttype",
        "pk": 5,
        "fields": {
            "app_label": "wagtailcore",
            "model": "site"
        }
    },
    {
        "model": "contenttypes.contenttype",
        "pk": 6,
        "fields": {
            "app_label": "wagtailcore",
            "model": "modellogentry"
        }
    },
    {
        "model": "contenttypes.contenttype",
        "pk": 7,
        "fields": {
            "app_label": "wagtailcore",
            "model": "collectionviewrestriction"
        }
    },
    {
        "model": "contenttypes.contenttype",
        "pk": 8,
        "fields": {
            "app_label": "wagtailcore",
            "model": "collection"
        }
    },
    {
        "model": "contenttypes.contenttype",
        "pk": 9,
        "fields": {
            "app_label": "wagtailcore",
            "model": "groupcollectionpermission"
        }
    },
    {
        "model": "contenttypes.contenttype",
        "pk": 10,
        "fields": {
            "app_label": "wagtailcore",
            "model": "referenceindex"
        }
    },
    {
        "model": "contenttypes.contenttype",
        "pk": 11,
        "fields": {
            "app_label": "wagtailcore",
            "model": "revision"
        }
    },
    {
        "model": "contenttypes.contenttype",
        "pk": 12,
        "fields": {
            "app_label": "wagtailcore",
            "model": "grouppagepermission"
        }
    },
    {
        "model": "contenttypes.contenttype",
        "pk": 13,
        "fields": {
            "app_label": "wagtailcore",
            "model": "pageviewrestriction"
        }
    },
    {
        "model": "contenttypes.contenttype",
        "pk": 14,
        "fields": {
            "app_label": "wagtailcore",
            "model": "workflowpage"
        }
    },
    {
        "model": "contenttypes.contenttype",
        "pk": 15,
        "fields": {
            "app_label": "wagtailcore",
            "model": "workflowcontenttype"
        }
    },
    {
        "model": "contenttypes.contenttype",
        "pk": 16,
        "fields": {
            "app_label": "wagtailcore",
            "model": "workflowtask"
        }
    },
    {
        "model": "contenttypes.contenttype",
        "pk": 17,
        "fields": {
            "app_label": "wagtailcore",
            "model": "task"
        }
    },
    {
        "model": "contenttypes.contenttype",
        "pk": 18,
        "fields": {
            "app_label": "wagtailcore",
            "model": "workflow"
        }
    },
    {
        "model": "contenttypes.contenttype",
        "pk": 19,
        "fields": {
            "app_label": "wagtailcore",
            "model": "workflowstate"
        }
    },
    {
        "model": "contenttypes.contenttype",
        "pk": 20,
        "fields": {
            "app_label": "wagtailcore",
            "model": "taskstate"
        }
    },
    {
        "model": "contenttypes.contenttype",
        "pk": 21,
        "fields": {
            "app_label": "wagtailcore",
            "model": "pagelogentry"
        }
    },
    {
        "model": "contenttypes.contenttype",
        "pk": 22,
        "fields": {
            "app_label": "wagtailcore",
            "model": "comment"
        }
    },
    {
        "model": "contenttypes.contenttype",
        "pk": 23,
        "fields": {
            "app_label": "wagtailcore",
            "model": "commentreply"
        }
    },
    {
        "model": "contenttypes.contenttype",
        "pk": 24,
        "fields": {
            "app_label": "wagtailcore",
            "model": "pagesubscription"
        }
    },
    {
        "model": "contenttypes.contenttype",
        "pk": 25,
        "fields": {
            "app_label": "wagtail_localize",
            "model": "translation"
        }
    },
    {
        "model": "contenttypes.contenttype",
        "pk": 26,
        "fields": {
            "app_label": "wagtailadmin",
            "model": "admin"
        }
    },
    {
        "model": "contenttypes.contenttype",
        "pk": 27,
        "fields": {
            "app_label": "wagtaildocs",
            "model": "document"
        }
    },
    {
        "model": "contenttypes.contenttype",
        "pk": 28,
        "fields": {
            "app_label": "wagtailimages",
            "model": "image"
        }
    },
    {
        "model": "contenttypes.contenttype",
        "pk": 29,
        "fields": {
            "app_label": "band",
            "model": "bandindexpage"
        }
    },
    {
        "model": "contenttypes.contenttype",
        "pk": 30,
        "fields": {
            "app_label": "music",
            "model": "musicindexpage"
        }
    },
    {
        "model": "contenttypes.contenttype",
        "pk": 31,
        "fields": {
            "app_label": "tour",
            "model": "tourindexpage"
        }
    },
    {
        "model": "contenttypes.contenttype",
        "pk": 32,
        "fields": {
            "app_label": "news",
            "model": "newsindexpage"
        }
    },
    {
        "model": "contenttypes.contenttype",
        "pk": 33,
        "fields": {
            "app_label": "shop",
            "model": "shopindexpage"
        }
    },
    {
        "model": "contenttypes.contenttype",
        "pk": 34,
        "fields": {
            "app_label": "wagtail_localize",
            "model": "string"
        }
    },
    {
        "model": "contenttypes.contenttype",
        "pk": 35,
        "fields": {
            "app_label": "wagtail_localize",
            "model": "template"
        }
    },
    {
        "model": "contenttypes.contenttype",
        "pk": 36,
        "fields": {
            "app_label": "wagtail_localize",
            "model": "translatableobject"
        }
    },
    {
        "model": "contenttypes.contenttype",
        "pk": 37,
        "fields": {
            "app_label": "wagtail_localize",
            "model": "translationsource"
        }
    },
    {
        "model": "contenttypes.contenttype",
        "pk": 38,
        "fields": {
            "app_label": "wagtail_localize",
            "model": "translationlog"
        }
    },
    {
        "model": "contenttypes.contenttype",
        "pk": 39,
        "fields": {
            "app_label": "wagtail_localize",
            "model": "translationcontext"
        }
    },
    {
        "model": "contenttypes.contenttype",
        "pk": 40,
        "fields": {
            "app_label": "wagtail_localize",
            "model": "templatesegment"
        }
    },
    {
        "model": "contenttypes.contenttype",
        "pk": 41,
        "fields": {
            "app_label": "wagtail_localize",
            "model": "stringsegment"
        }
    },
    {
        "model": "contenttypes.contenttype",
        "pk": 42,
        "fields": {
            "app_label": "wagtail_localize",
            "model": "relatedobjectsegment"
        }
    },
    {
        "model": "contenttypes.contenttype",
        "pk": 43,
        "fields": {
            "app_label": "wagtail_localize",
            "model": "stringtranslation"
        }
    },
    {
        "model": "contenttypes.contenttype",
        "pk": 44,
        "fields": {
            "app_label": "wagtail_localize",
            "model": "overridablesegment"
        }
    },
    {
        "model": "contenttypes.contenttype",
        "pk": 45,
        "fields": {
            "app_label": "wagtail_localize",
            "model": "segmentoverride"
        }
    },
    {
        "model": "contenttypes.contenttype",
        "pk": 46,
        "fields": {
            "app_label": "wagtail_localize",
            "model": "localesynchronization"
        }
    },
    {
        "model": "contenttypes.contenttype",
        "pk": 47,
        "fields": {
            "app_label": "wagtailforms",
            "model": "formsubmission"
        }
    },
    {
        "model": "contenttypes.contenttype",
        "pk": 48,
        "fields": {
            "app_label": "wagtailredirects",
            "model": "redirect"
        }
    },
    {
        "model": "contenttypes.contenttype",
        "pk": 49,
        "fields": {
            "app_label": "wagtailusers",
            "model": "userprofile"
        }
    },
    {
        "model": "contenttypes.contenttype",
        "pk": 50,
        "fields": {
            "app_label": "wagtaildocs",
            "model": "uploadeddocument"
        }
    },
    {
        "model": "contenttypes.contenttype",
        "pk": 51,
        "fields": {
            "app_label": "wagtailimages",
            "model": "rendition"
        }
    },
    {
        "model": "contenttypes.contenttype",
        "pk": 52,
        "fields": {
            "app_label": "wagtailimages",
            "model": "uploadedimage"
        }
    },
    {
        "model": "contenttypes.contenttype",
        "pk": 53,
        "fields": {
            "app_label": "wagtailsearch",
            "model": "query"
        }
    },
    {
        "model": "contenttypes.contenttype",
        "pk": 54,
        "fields": {
            "app_label": "wagtailsearch",
            "model": "querydailyhits"
        }
    },
    {
        "model": "contenttypes.contenttype",
        "pk": 55,
        "fields": {
            "app_label": "wagtailsearch",
            "model": "indexentry"
        }
    },
    {
        "model": "contenttypes.contenttype",
        "pk": 56,
        "fields": {
            "app_label": "wagtailsearch",
            "model": "sqliteftsindexentry"
        }
    },
    {
        "model": "contenttypes.contenttype",
        "pk": 57,
        "fields": {
            "app_label": "taggit",
            "model": "tag"
        }
    },
    {
        "model": "contenttypes.contenttype",
        "pk": 58,
        "fields": {
            "app_label": "taggit",
            "model": "taggeditem"
        }
    },
    {
        "model": "contenttypes.contenttype",
        "pk": 59,
        "fields": {
            "app_label": "admin",
            "model": "logentry"
        }
    },
    {
        "model": "contenttypes.contenttype",
        "pk": 60,
        "fields": {
            "app_label": "auth",
            "model": "permission"
        }
    },
    {
        "model": "contenttypes.contenttype",
        "pk": 61,
        "fields": {
            "app_label": "auth",
            "model": "group"
        }
    },
    {
        "model": "contenttypes.contenttype",
        "pk": 62,
        "fields": {
            "app_label": "auth",
            "model": "user"
        }
    },
    {
        "model": "contenttypes.contenttype",
        "pk": 63,
        "fields": {
            "app_label": "contenttypes",
            "model": "contenttype"
        }
    },
    {
        "model": "contenttypes.contenttype",
        "pk": 64,
        "fields": {
            "app_label": "sessions",
            "model": "session"
        }
    },
    {
        "model": "sessions.session",
        "pk": "f4valx08ad8hjk4y7hulvyomtsmdivzj",
        "fields": {
            "session_data": ".eJxVjEEOwiAQRe_C2hBGoBSX7j0DoTODRQ2Y0iYa4921SRe6_e_99xIhLvMYlsZTyCQOAsTudxsiXrmsgC6xnKvEWuYpD3JV5EabPFXi23Fz_wJjbOP37dHuOwTbe3JdUp0xaECxJ4JkepMIKCanWaNG31ulvCHEBFq5wUJya7Rxa7mWwI97np7ioN4feec-6w:1rGEEQ:87DQTvYGgpUNTCUeeun56eP3nUINMBZGiaqZt8vlFlM",
            "expire_date": "2024-01-04T08:16:38.293Z"
        }
    }
]